0x1ff6eff0aa598470fbf568d30ff608db4a87897a,917
0x0127aaedec4de96861d80a691de6885e059e7603,918
0x3daed5bcaaa96264f1da7d092079dab6947dbc8f,918
0xde960cff74fb24a161a7bca8861aade587a2e2e5,918
0xf19394b3782fcc8f311cc3dadb69901eb98f69ab,919
0x65b42d987eb2faa0e039191db923bbd875fed62f,920
0xbef2599a7958d5afffb0e1e3b23bf043729752cf,924
0x0f50295aae02ff4409300610af6027989a13a7d6,925
0x2d78de08855e21c6747ee3b5ce635d68e6a9cdfd,928
0x8693d895a3b1c629e1b0841703013b7337258c8c,929
0xed3cf010129d14ebc144c5cdfec904832cc72850,929
0x2f73d8cf6974c675e8fb695180eebb693a0c90f4,930
0x594185ad7267edbc4d909660e36dae73642279ac,930
0xd4e92df16f514048b6f53fd6c3b4ce2e0d22a4c1,930
0x7bbbf341c219b6e71bc15f5aea134e545170d522,931
0xe3b4b23d772c3dc380c91f801539b812f7fb4047,931
0x7572aedb339ec1a904b225884b7cd68a0934d776,932
0x401f8c70c1e449786b92f56f95ac0a18cf9a3674,933
0x53762eb1383a4913ec913782ebf96f0e89d4884a,933
0x7667b5700de938dcdf41198f4d938423798e9bd3,933
0xd0e973d85f2bd46b62bf46818609099fc2b65767,933
0x731c2bbec717f0905b320902b86f7e8e80f53c8c,934
0xcaf0422be21eee03f04e1183229e9e28f8b8eae0,934
0xc5dd68c74d93bb422316895cd4e13ae32418088c,937
0xc607df445ccc526410992eb1e50e4f7fcdace612,937
0xf85d178077892bb839caf46f6f9d195ddf7893ec,940
0x4ae9da34f4cbb2c6eea719315e868278f063896d,941
0x8c20d0518c1c6ace0468675ab4a5f56ff737fea3,941
0x8f91a3564ed0feeae25b1b2509922bbe8616a483,942
0xdd8e68cfc63000809f3e53df53ad76635e9c023c,942
0xe6986dcf61ad7ef4492386da1c048e35715dc29d,943
0x7da1751054d6d468fcaf89dca469e6d2e6220959,944
0x730e2a35dba910947418df25d67239b01822dd8f,945
0x27e0b8f2d74d52af630995b297d4bed418ea875f,947
0x495fc90677e398d70b5066f294337f164a996b52,951
0x21686bd479b2db2d1c3b5b014ff456be5f87ada2,954
0xe181908abd88038ad0a45973c9f4792205dafe78,954
0xb880abcce513fa85a3c0e4437201c483de8b85b5,955
0x0bda948543e881a48d22a30149e7786fe56569af,956
0xceb3cb3d9c76bff0e99340bbf04be95f6fb21823,956
0x50e7a17c0a897afa6b75a2b79c5428b94d58f06d,957
0x367d040c3ecbbee1fa4a00e3cc4a19d2039bb3ca,958
0x36fc2e078bb33f083bf84b9daaca7ff9b6386c1d,961
0x7ce8925e0bbaa5671fa52822189f2e0229e688fa,961
0x89efadbbed74c0c1bd56a9c89b2ebe186cc18096,961
0xf7d3f1501dc8a4f059b1a6d769564863b2f4bdfa,961
0x070a3ddcba1dd898a2151a414b887e84079e0f23,962
0x197c30bfcbd8148269f12e0988fa3106c46ffe2d,962
0xcdac84aea4b34edbf36bb8d31ed662bfa66637d8,963
0xe5ae2925634de17e782d6d578e50fd254963142c,963
0x8c5f72e3d07ad76f2ff0e15cfe8ddfdc8d947d7f,965
0xe0832bfd52762a2a50f84133075f495d35e567fc,965
0x515b776d8fce5d9af96b256b3156c9e8ef2a761d,966
0xf99362616853bbe755df532a39e3e3686ec93f82,966
0xf9fac1d7389d6548c6f8147d2457c8cf8695abf8,967
0x4e0afca1949108c70f2a43c1dede8965bfeb9230,969
0xfa3e3c3988b18822d6e79f92630fad60ceb5b223,970
0x2c907c0abad73142782a765e062c5b9cdd73266a,971
0xd213384f8b37d94b8ac42c6b6b825e80f3f666ec,971
0x77497bf14992b002a0d87aab97e0dd689762f3a3,972
0x827f2155e5d6cc98b176c0d6033cc08849e7a863,972
0x4dcce1823645a4b5e5000180e19ab2bcc5fbca58,973
0xd37b0d12150474d235e8272f1d6a577a39ea0f07,977
0xaaca0362b88525af840f8080e8335173ee0a9a1c,978
0xaf7010be21016898588f67574482dbd90a71056b,978
0x76c511d1bf98c8fa31ef57218fe03df5ae99274e,980
0xa2460960451ec2482b2ee668c844d59aa7f2f7f1,980
0xd82faba7dbdf811168d41c4af0332a360e6a65fb,980
0x3474ec0e347eb93a3cc5d163a47c1138010b6d58,981
0x4db30b932f68958d9743e437becf7f2a583a5e14,981
0x62c34eb00c1067d383ea47df5bc66b7178a960bd,981
0x851b66a37bfcb20db3102f4fd84265755f0341db,981
0x498629f11653db1145b09f8798437b1406266ad1,982
0x8b67632202efcf47389e6000b3006df43c21d4ef,986
0xeef72e6fed72ce7a578ed9c02ba679317a893d76,986
0x2f11b945f494d2876dcf8a8461bc871a66c593b9,987
0x3de788dd71d0514e59f075377409f4fd31e9f0fd,987
0x8d2ebc7e5894e179b3bab10cee06b4817b36c6da,987
0x63a1f4658cc9b5cdc4f4a81f4e493ce1e1b14f02,988
0x66fcb08a41f230c0cbfae1ff500b79520d97995e,988
0xd9ccdf4bd9a334e367c19ace00a085b6e44dd2f7,988
0xdf9aea3f2ee94ff5eb4bf253912969c3e90ff0e8,989
0x583d75fce84db456a86d1e7cb1a324b539d8bbf6,991
0x0ddae78d2c1349c0e40507f4c12d0f877f01bfbe,993
0x1476b8578930aba38176d05afa14a6ce5009b796,993
0x4dfc5e85ae10f1f30e2b40a3a1d50cbf48b7e44c,994
0xc922ce8fac4dc3ae03b8a04092143d273b0c165f,994
0xe73c4336ec0e8b374dc390cc5938ccaa40b10ede,995
0x8a3127d23219674c97f52400ac89c4893569f031,996
0x40f8b0abe4cf56983823e3d9bfa0512bd9d224d3,998
0xbe397631c966a80dc7156bcd0e745a65e17e1760,999
0x269b5a3fad8f35f3c277b1bdd7e8bf45add8887b,1000
0xa9f6d16bb2ded204c6b578d657835629f8a37bb9,1000
0x2a1d7df3323736baee75ef0f46a8c988058a535b,1001
0x60e37180434e07d0e7a48b3e76c02b700fd925f1,1002
0x5e49b76e7097ba33d085a8e50a4a71a6b977ba5d,1004
0x6bb58ebc8e59fc7aae760cad401b18fe76c80c3f,1004
0xa35273599e221a643487d3bd77bd101245815469,1005
0xc7da0e71dc5af409f097245bbf8ec6646cf0220b,1006
0x1320de35695e9cdcc77750ec17ab3b7b3544abb9,1008
0x7bbfc4be5be23a8a8e0c0064959cc1deb2b1bfac,1008
0x8389c04540d679b8f3eda24f9afd5941036c8dd5,1008
0x84941e58a13bbff3fb6a5e2a22edded66b192104,1008
0xa51d5214212958dd356b66046b1d3dcc811be8f7,1008
0xc40326ea38b5b7ad6f21b6d2725a736320b2b13a,1009
0xf43ccfd3a3d6afa442729b7cc7bf68037f4ac7bf,1009
0x24483f54eff16437de720d2608e05ad9e5f7f511,1010
0x85a1ff95b7833b63c835f99efdcbcdf7012ebfac,1012
0xb2148d09f6a3727607ee0197f70a731258be4b3c,1013
0x70751f1ba15b478e3a7a1244d3d373924640a105,1015
0x09b184db9f2c93ec88d453bb7ebaa16a4ecb7f26,1017
0xd3bd91c0fd65dd059d477c4c0e615e765879c342,1018
0x451c1eb28ad31d01f617aa0f34a86f8892786dee,1019
0xd25e8e0fd60851cad1b21a85eb40f5d6ea0f30a5,1020
0x4b713380e52f19f7ac76be35c770b509d2b9c63f,1021
0x5b132aa2b53ed555f90f2d8c4802d1241d2c6d4f,1021
0x4a727c1b63a651aef65935ea4b93bc519749a166,1023
0xde2c48d3865dc95a9add20c8014ec2dec5ea55d2,1026
0x325c815499b6eb24e5d5e34283e49fbc374fa85e,1027
0x6d8a197ff49422253bdd32506d4e3b528a66a2b8,1027
0x7c7effa81f2712ba8ae50bb0d2b3c37967f139b0,1030
0xa5dcc5dc7020bbe8bc85ba8f30d044c7c9419913,1030
0x1fa75325565d6ba97e81173794a4de74d83592e6,1031
0x9855a744a3ffb2c629697356fb2f1e8776448043,1033
0xa21b4ca3876541776b172b731f73eeab1ffb2ea7,1033
0x9a6873535636658e63c4f7d8cfddeaba58569d0c,1034
0x9a9460c4a649d391c93748647978c7c484a5e539,1034
0x9b12136cccf98f851489d82d75e0da354c89cef4,1034
0x1d92d774058b54b67e2cc31bf379575773fc0f64,1035
0xf62aca639803913e196d3abf0cca7127dc06c1f2,1037
0xf1ea04c3a70e49d10a74ed59ae315f45423fff56,1038
0x715257498e16bd9e4966e5cd92f1bca1342470cb,1039
0x1e5778657415c6b21e58a0732e5bb3667d54891e,1042
0x261ae4d7665da1fccfd1f8cc9f620c65aad08d7f,1042
0xc56ec3b6148e786873231afdf9b0e42ca2f2cbcb,1042
0xdc9a99f8f262da2fffd99409f0112c8dbf0fe5fe,1042
0x5a77486d2320c511f4d6b4fd223a3d8d9a828e87,1043
0xc43e3d1f51fb4f3827c1f40b16719e8660673521,1044
0xeae508c768150450e85b65f4f8d4cafa052e1bf9,1044
0x0bf17a6e867e8b1b79497e1f41480c789b2d252c,1048
0x7ee34e011d91ef652579780310d1e626e1206e4e,1048
0x664232c5e695cdf9b5f5be929654261f8adcd351,1051
0x4907e075960d0ac7794f5b2ea9aad8073ac1ce96,1057
0x6d8ba15cdad3590b0dd7004e03097674231b6297,1073
0xab123f299e0d45c6404fd5669fcfa280f4f9d6e0,1074
0x2a286f9876e76a2526250ba80cac2b9be4eefbbf,1079
0xe6732ddbd83c56fddf81d4e71074075b28b4fb9f,1079
0x6fdff7fd8e0b5a4b2f5892ae236b37487502cb01,1081
0x981fc4a7e0ebc4bda2078d4d80d9c96828ee2092,1083
0x6f09e1b615c0f9c98ebe9309e212cb6ff680bb49,1085
0x59f7ce2e54d1c3a50c830cc4c2553a39e1a5ed62,1092
0xa7dce500c3ef806b677b9e2d43771954f32916e7,1092
0xace9d813e684b6d81beda957fe43a481ed5c3273,1096
0xb6de326ecaf710440234866b0d861c19a1a20710,1105
0xce3ae20d86a831294c67d8d38a34a449ca58830f,1107
0x67f50bb19541df8c532d00b2327d894e0e6695ea,1108
0xab4e4f9c9c394d72dbae834075fd4519d7290456,1111
0xdfb51146c334ce4648820b33d75c48fa3f71c76a,1111
0x618682ca6a4e42d8e1951f2adcd9655b21e36c5a,1116
0x7d24910c85331f360aaaa5f3ff9410b8ae6b6957,1118
0x89f360b1474b649d53569e3228ea36247fd1c081,1118
0xc036c021402451242cd413a6a6b863ff41b8e6ac,1119
0xbdafc19cbce9dc2cad776b6d998c270db03adb6a,1127
0xaf8fcd2a5b26123602568cb5f8f0d5d7a1eaaeb4,1130
0xc03cd5fbe52557042c814d84f3083fe5ee97ec8f,1130
0xcf280b8c80c8dcb293a2485b2724950f4be8ba47,1134
0xd32c41b98bf93ab207d6bbb88f30e4d2bec9985a,1134
0x45c48ca4ecc0d784eec9a5454c034be5f216afcf,1142
0x9e3a8c0f6822577333fd80cc82e4066071afa083,1143
0x0d177b85d34418853a3ab08f46ba939de035d9b4,1146
0x64ac4d7c22d29eb75b59f267062208cd34a63e78,1149
0xffe1abeb39ccf82bd2394610ad28e316ed8271bc,1152
0x57d26ba7a36d8b106808b45b4f0cda9ba0a85716,1154
0xfcd32e7b1bc07f3208c422e4406fe9a6caa3f2d3,1156
0x639bc5f417ab097e9546202f82be4f25a8642619,1157
0xd84e4fe23082e0cb79bbaa0757659deb135b6801,1158
0x4efbf4873639579bfe6d2b5790c9926f4ef0df82,1165
0xbab53538aaf4f8709f2b42b3248215c219a68fad,1168
0xa04884c96d8f87df9b4a2b4eeab5a2ef90049f00,1169
0xdb15079eebdbf558a8fbbe5fc9d3580b03d61f21,1169
0x72dd3de4b3ee9acd0e501d5c2b78d8f7e0e698c7,1171
0x5314235ba5b766fb8e107c8e8109279264a2308e,1182
0xefdcda18b4131faed3017ebe6123fdd437785b61,1183
0x8ca4a75ed7fb6fb6fd0b61bd77a7df4e97e25ef7,1185
0x88d348a0524f2de801e4c834435374ed6cacf63b,1195
0xb090ae0aa41aac028fcd3487aa8332477282cf62,1195
0xad7395dd5cb9c321bccc9a2266a587d995771340,1198
0xaaf6fb52df06000ad255280627f83dac376b6d77,1200
0xa5cb2a3ed53f7b9cdde04ebc083a66f56ff431b9,1205
0x09d103b1f1f8390468e47d283bd11e82b7335861,1207
0xa8fd257b8cfcfb17d6b43cc7576b747eaa933c1f,1209
0x03322f34f6be8eb57642df8a768eb12478ffc40a,1210
0xe927864484ae87199def3cc8749f199f22505b48,1211
0x6c4a2c30a7d8150a63cc4268ca86c85c22c46150,1222
0x6730e06a5d67719c3895c56bcd01740734d41145,1228
0x6006ba5f686eb177ab056e9fde4c231bc1f86ea0,1234
0xf10396c5eeb6dbe531c3cfdbce996572a33a8193,1234
0x101d5479a5b33bc7a0720c93df1715612d059a24,1235
0x086bd5a8ce0c78e0f2d3170b19f93309f0dbcb45,1236
0x4b01cec888e8f3904966f53852ca95fdeb166a9b,1236
0x8dc0fc3a0dc11affe00d903c92cece9bf912c7d7,1258
0x3c0d4dd392dbe37d95a9a3c0c13474deef40bf1c,1272
0x052e9ac8200924ef2871208f34ce68ddb0b16e99,1276
0xa06ca6d8262e1cff17fedae7cc63ac32b9d1c69d,1300
0xc147a15a5eb37f5a65fabfdc5ea73462dd5ade67,1308
0x1d86aae1dcc5d4534dcac0f2d3daf962b4277b20,1316
0x1ae2919307eca70436e9fd9b76c0d50036cd50fa,1319
0x38f318a05bfe994dacf4d70dbf1d8e5c08d73b5b,1334
0x5b2413f3be9db556503e1c4aed1e0dd8cb661844,1334
0x073d4ad91b3d2a6c7965694c94e52d0c61321950,1346
0xdb8c68a4e8fc17d2e953bc008ce2cbe81c605105,1349
0x5aa1c1791050d6ba11d098e5e421e1c26e45a5dd,1350
0x885f56ed3d8985c4128ac2ce8e315e31c74f7031,1350
0xbde4dbe1064ea7eb00e11b3b24f3590fbcc55299,1353
0x9bc8304986a2012720e10f1d69f6e7ffed05e0f3,1365
0xeff4a2d9df332b0329bb194bc11226199bb32cda,1365
0x37ecd58d161daf7980aaeb669c016614d9588366,1367
0x6af7157e04de0e230dd5e0fc185ca2c51b721a3f,1373
0xb1eec9e860a1bb90f46f3299915975a9af1e5a9f,1373
0x5379f7dbb8c53bc4b9f4f24e1a5585d42d152855,1375
0x1dcc1eb78b2a89ed34c90982d04a706f838e7bba,1377
0xa95fce291dce9117e5416619ae32ddf6f88b3b85,1378
0xbadad62306f44241adb091017804e9898c824855,1381
0xb37c5b54e1a9ae2eb207f23b15113f415ecd2886,1383
0xeee3c966bc4e8d9887c1c543fd565fff8690dd46,1384
0x5d53587d15440eda39cedac96a0150d8f1a76cbf,1387
0x725d73881e36db47d63dbf48d44d3c709089cc9c,1390
0x7dab6cf7468207c711af92932a0d535b6bc7bd42,1390
0x847891b711cbf047d11525b87e9096a4811ebead,1391
0xf84119855076791165e91fb5950311c89ea09159,1396
0xdfd735fc719abbe66b88b973ca1fe92608fea033,1397
0x3f30408b95b31c87c6a681cb6b8a508826b95de9,1400
0x9b4541ca621a796eb1cb3efb95115f30f09862fa,1400
0x01a97118d81e6ccd319a27dbfad2b601774399d2,1403
0x0ee0142a01932e534a54f798892f7a9574e7ff26,1403
0x881805c0a02889233a690805e85cb8984165d0dc,1405
0x6c095a8345c90cf9de34c26f235e672243b8ef0a,1406
0x048a371fd475c400e792e9486428490272106314,1407
0xe68b04856ab8b27c58059d54382f6a584a0e014d,1415
0xfa9af4db3bbf3f60ae74ee871f660bbcb5a5257e,1417
0x57f807e57cc5c6ca52b5e64965be081b271a58df,1419
0x0badb402d73726803cc1ecf39e25d994e165ad35,1420
0x8b0e252c9da44931df81e763bdb0d7f95cae2888,1420
0x912f5a6724010fe49e654af84faa6fa034d3db5b,1421
0x9bd86e5be5875a0d0822d4f8e2995eac3e5c969e,1421
0xf877025f1c393c525e2a8ffb79d69c7d7bd034dd,1421
0xf90cae83a037e3e7600b842898f52fa87239d3a2,1426
0xcd4561e382bcca1cfae3c291955f51e034047638,1427
0x45c2d55f337074d4d39940d5ea9061acabe66720,1428
0xc35a89c8e4634828f01d29956fba3defe39a1811,1431
0xd256a9bf3855eee2bc84a55ccf6adda0b4b05e94,1435
0xf6424388dcba8b1d415eebd92dcb3cf8905ea1c5,1438
0x15b0931d82c5775ce8ecb0f202c57b55d29ba9db,1441
0xeb0e61872c898bfeb8e52f990ce9ccb6a3c9841a,1441
0x30c2a51a52e2729b6d640d42beecba8200de5764,1444
0x5e7d8bbb28c164afd6a59aab2502f6533d4ba40b,1446
0xaeb025d8c749c460fac507e67e19719cc3ac3cde,1447
0xda6afd8592c20b73dca488ab1714753f690a7910,1447
0xf4850a6bc166bd943ee1c4a265c4e55461442fbd,1451
0xc6ed223cd2210a317073dd59c7d72b94f3da7bcc,1454
0x032e4db089e7a1060be7508a36107ee13af81d5b,1458
0xee40eb5534ee75a1076dd319ccb79fcd35bc4d70,1459
0x11554881b881f9d7a6ac7ebff7da2630a14a0c22,1461
0x5abe64215472089c700c33135838f00c7913af51,1462
0xe5c0571be20e4620fe2b47094a32130e92dce966,1466
0xe874b45764eedd2c76398a57b4d5f2fe0f05a4f2,1468
0x28d4bd86a22befc00bfbb4f94950a4ac0b10fd5b,1480
0x708c5042c4b1d364834071ab91799d5eee31018d,1480
0x1f5772ff0286e5379697d7fe3b1d9b961b196e71,1483
0xd7bf83b30acb185654630f04612d71a84786e6cc,1483
0x00647e63cb1ed90dc1516c5c3e82e638680be8ac,1486
0x8cc91ba86882beb0530468ce42a7b4113dc66aca,1486
0x76d3b91b09d2d1b67babab885fb3532d7dfd945b,1487
0x4a91266aea7b9e374b58d7e108171afd06bd6e50,1489
0xf9ecf79ab69afa3a4f318e5cfdc2f7fd3c27efde,1490
0xe31bad62d36163b33d1721a7ab8f5a1cbbec7f6d,1491
0x15ed0ebcba1d1d3f623b16bb5c9a127defea609e,1493
0x5518e2582d2ca1fa28f87bcddb6f087f59d41f1b,1494
0x72ea89a4e16eda889ff7128c9901e26285db1e3f,1496
0xe70e440ab21e039dfb72d00ddb73b59c7997b156,1500
0x5046f76c4ad1636eced7fba5c809f0110e3c2eda,1502
0xa487339b0680586775bb733e090317e0624b9b8e,1504
0x1e0bb9a64189f1bc6e056d87bd12309e8fd34bf8,1505
0x450bd0b8efec947223c27c551db7728cbbbde523,1510
0xb88f3c86aa6858fe5eca38e0fd3fc11db5694de7,1510
0x5d361a56cdb83ed5c0c010a9bca10331b999fbf7,1512
0x986d700c6d77076116bfca4b38bdd7c4e67d3458,1512
0x634dc398000d102cd78c8a707bef9f9813464983,1514
0x51cdf46c4f2470bbc5f6f81f2c1dda8c3a3606fa,1516
0xd44c78c2ff4b79830377d7d1ca937a21ea718970,1520
0x55c1ba0865cb32a7748542c4091636017dc49b9d,1522
0xc83dff7353a75e5489f98a64e08619a10b796081,1523
0xd577fda828873e04b1a795ba6cd907035303cbd8,1523
0x36ff4b982456274a2af91a5ed464ad5d676f1b1e,1525
0x889efa49daea67447918aaec8f763213965432a2,1525
0xf8be2d5af85b589ca063523eb104b3499950f484,1525
0x2a74e944fba53828d1f63ae3db91fdd966d5ae0d,1527
0xe9db7faeae92acd242ec53b4041ec17026c6c258,1528
0x17e555e5f72cd268453ad027666df4e3bad8f4db,1531
0x1e8d50aa10c2db909aa1402ee881ca220937aa9a,1537
0xaf182c7e7d59ebe279f279a4839ac759957879eb,1538
0x0bb83b50f5dda446d43b9770d6924425d930b92b,1539
0xa183a8304c3523d7963096b831c2ae160ce9dac8,1542
0xcecb63d5b98979dbc017c471810d258cd4dfe409,1548
0x12a3f2d280cd1b9186f4b39fd6724fdb182c4365,1563
0xee78dd4860178d8cad2850b28a910798aa4668a7,1563
0x79fc8bbaee66b425485b586fc0399380f512026f,1566
0xc41120241c886baa274397aeaf252f1b91b60245,1566
0xf83c406d5c435d02735a3ddb42f9916efdd61951,1567
0x7cd75c258c2b7d2f47341ee70133d29bb3d65625,1568
0xad4221592fa6edb6e534b37c5a66bdeb62e6cbda,1574
0xc8da7a7425e15c35e46aa52d748870042db68712,1576
0xc188a4bf248704b7c160a8bb2ef80d0a590643c2,1578
0xb7d7f39d5416ec019d933cee735a614a3cf80e64,1581
0xf679f4eb82143fe352b49389387528a4ed7aedff,1581
0xa484eb38daa6ea7a389dd8d03b9cf2ef514fa688,1583
0x67f608fc6b17d4ffd54116897145b4c5aeea0456,1584
0xd0737f5df45c3a3b35e29ce3d1ffc066e77c1bca,1585
0x01e372f090ce5cd0f4f69e2e7e8f0fa0a7a0400e,1591
0x0e7dc48b1f4ef06e31140b62062c7e23c2ed883b,1594
0x2784aaaa02d5fcdf7bfe0e33412ad294c7770188,1595
0x3a2985a6e7bba13df4c7ad655732370697e6e236,1599
0xedbd3a010841583d6530be8c0b0f6f57a5045492,1606
0x9b976453daedcb2b39d33f4b962236b19e58c309,1607
0xc7db50bfb824c4e60d107c2892313b127739b6fd,1608
0x489ac08c59b56c17dac38e28493be420d9194ab6,1610
0xfa3af31d385cca3dd4aa64da7ac27b782a7a1422,1613
0x6fcf8ab89649ddcd0351eeeaf04985656c3ff527,1619
0xb16ad4a2fba138255205bc0451e04228f6d380ac,1625
0xb2ada06716cf6f382d8ce63b524278f1ee53a77f,1630
0xff5b3dd192d05e67424c7ee4f96647764d365069,1630
0x10f6fa2226a58e600bb927bb52ad69036be42595,1640
0x4d04df2168188581b092e643427cc03306589532,1640
0xa140ed98e28ec12ad23314b526f79574d22bf522,1643
0x8cc5f52ca537df691f15f5f88a0ae7f95bdd7206,1652
0x698758da28bf97488b63b460097268b7a661c573,1661
0x02f17bf76592833beb2418f8246d433f7e4d6fed,1662
0x8f6c94056f2ce538fc150156c328697a7c4aabb1,1663
0x4acbfcb229622e12f875c73d391f0c5d127b5fc1,1668
0xd9590b6019c8e52718b85e7caa2bb3318be10f44,1670
0xc6bee58695595ae32288b5afcbee1d4c030f62e5,1674
0x2053d258607ab6c5be604f31e089604af2d41eb9,1677
0x411fbc687775127f967ed9444d247df0d23eb854,1680
0x0b015ba49c127da61b3bf4a6c17d898a499b42a4,1699
0xebb4b8243f6a3455eba29efa12f51834a3c7923f,1713
0xe495b919885d93a2c16fc7ae9439d178377cf94d,1723
0xe12d83cfbdbf7c3e97f47ca3ca3098ea017347cc,1724
0xcc4cec30e480a83f6d1cea7049f1dd1aba1cc1e8,1725
0x508870944553ad4df7ffc84d5d932c68785381ad,1733
0x09c77d1e228b0058596f132780fc33012b3bc4d4,1736
0x3f5d3944d9adbb13bf6ee2ed8807d6077f0f1fc2,1738
0xe90b6b2b35a5c04548228ee83c5f1947f3bfffdc,1740
0x89c3d632031e77667bd8d752cea80bb185354df1,1741
0x4d12054e4baf1c6cd60adf01485fde5567f8024c,1747
0x70d2859bb25dc31a6a81ffedaa1ae7b39e83b8a6,1755
0xbbad40c88522da45f92fde3c4682bd332e25978e,1756
0x5904f4dbf93d936e78cf40a6ac144e742563f51b,1757
0xa128d0444e96c337e80ac71339a7e9f5c07417e4,1760
0xadd9700fe96c6dbf9ee7db17bb164c18bc8be90c,1761
0x8c56fae9d63ab62b84f6e7a4b5a85ebab158fdeb,1762
0x491814586affad3185636cf2fe0e4961988088d4,1763
0x910396b601af3732462729b71171f043ff924e07,1768
0x4796b661ef093830a88b17e0d5c2f8a1f62083f4,1772
0x8c0a3fbaa8e987171d48cfad4f93c34f34ef5df4,1772
0x336c60ca217cc981b5eceac3666e15930b52813f,1774
0xb11f5b05ba0ab0153867bd2d45bfe1e3092b2f88,1774
0xc3b6dfc44886b7554ebed8748e4d1f0fc2e74ffa,1774
0x9c156579854a8d9972981ffee01a993eac579c0c,1782
0x3db67940d9ed6623438b54c0943d90772a57ea48,1794
0x768142438407106fb05840b6f787e448b7b55815,1809
0xd83f98b5e4a0de208725990ae216d072302f450d,1810
0x86499f181318f894382948b947089db37bad01c8,1824
0x4768b433f9ff35656141ec8fabdcfe95618b66dc,1841
0xd2aebd7d152bb2d86e6cf1e61d4e5a2139b85eb0,1844
0xd5e0520282a22e8ef736f5b8b3a5335861624a3c,1845
0xf7910c4b6dfabab38d0f6aa0abece7e34024a2bb,1848
0xcc7994a6924f6f4b91924bc1bd62cef0f9324a22,1857
0x03ef3fc6afc8cf382ab4dfbd034ed400a17f3c19,1858
0x5a156edc780d5ff858335df971e0926abc741d9e,1875
0xea9aded9fd73db09cd29d0c0363d4fdd6589de31,1887
0x641cefed261b81add34c3d007475fc032877833e,1895
0xcf76912c3428c2c0af02ad0606a92d945e334412,1896
0xfb351a5d2f55bd9a91e6388ceb0bc2204a74444b,1897
0x2c4fc66d169d0834bf913bf5ab6adb835394fa83,1901
0x7bf9a2c396584097e703ef599343ee961bdf9851,1901
0x12c11a2ebdc9053b7a1b7b5601e2ecfb24facb54,1902
0x1cfc9522d7bac5448b9045d023b5fa6349fa7a2c,1902
0x8bf3c28ea512f5e9cce147bb98d18cb4e10bbc22,1902
0x886a95410f3f68adbf4f72102245dc08cf80862a,1903
0x14471747488c86df78a17750506368f62fae410b,1914
0x2f0447effdf6907bf5d18544916b2bb9d5e8dd1d,1955
0x7575033fc52cce178d2f15fc387feaf64ebee8a4,1956
0xdc5ec04293c1a05f9b933d849216cef9cc7333e5,1972
0x6b0ebf915ab28151a42a06c3d62c5ef5975dbf55,1978
0xadf72a95c02f15a7d1d1b43e0a8380052465d393,1983
0xb4c752bd78500f943088c2ca972fe6e8ea703e8d,1991
0x16d6c0382bdda93ee408aceea5923dfce7ac4ef6,2015
0x5cfa0987032d81fdb7f0522bc159e86c9ab665ba,2024
0x07e4997c9363d7ebebf104a6b912540ee8d1d9b1,2044
0x9599bf95757ceb54e4a1d2aa8c4bc9a065938b4f,2049
0xfca9b46db121fe8fb68605ec0fe667a281fc6de4,2066
0xf4a9a6c93c1ab1a39b54a299d7e7ee860fce1c4c,2103
0xb7f6661dde07a5ee3db129ccfdc19214b28d17b5,2120
0x42211bb5417c01914c3f60e9a35ce349a0359989,2122
0xb8cd225ea9478e29d89a062a6477b6600169fa60,2132
0xd843262b2a1b9121101cb6fbc20004568e921d79,2142
0x67893582aea5a3717f9656c7f1a684ec6b715282,2146
0x623cee38a2ae975cf1177a3be852e3e5e72ca64b,2147
0xf4b8b34ed886372dc8171d1558b57c7921374adb,2159
0x81b8c852444951607b25a9b3f28acbd81a1937bf,2178
0x8e75e76556c2233cded16f27000c1fafb20aa3a3,2180
0xf4c631eba4bff61b716990c3569dc22ef1e39f0d,2196
0x06ec0cd3b78abcaaf6e9135f2b5399717951666f,2224
0xced86a841dbbb7f767b0e952f081b28a3e534f75,2237
0x102c13752113c8d60000bf3fbf9205a80ca245e7,2240
0xbf028946e269b56537654f0c6dfe8552fb95eb1c,2246
0x277302dbb53da8a6fbcc4a8b7880e81d2e8b508b,2258
0x400238868aa63d06230e323a0a56060b0ebaeb22,2258
0x80f979be651fb7a5d8667bf1191c743d219039c2,2261
0x519adf6706de656a6eecdc2c17bba58aff0d74af,2284
0xaaa4772895e807739a5d09f9c379d44e5cc5131c,2322
0xfac508c73f26afb4eb860b65f81ce5265e574b2e,2339
0xabea9132b05a70803a4e85094fd0e1800777fbef,2345
0xe191bddd54c0b7795a209e1cce08519b6bd82c65,2348
0xf68aac8694cd386eb2b8bdb8328a3999fe7ffb19,2420
0xe9961f2a9d3a4f65e40cc6e2ad1c64d3581ed890,2421
0xc3107fde144d7f397754d7100c493104c553e514,2439
0x78f84e69bff277112ca8ed131bd271eea51cfeff,2447
0xb0299238fd27e9a365c0f37e9fbe31ffc07eb57b,2449
0x661ff83a53acbf5378912985549f8e6a243087ab,2454
0x0a53b9d5487b209c3680473790b87abb45677005,2461
0xed451d72bd7c296997616c9d38f10fbe861af015,2500
0xa11c20f9317d87ca08cf5414b9fe5b69490d2055,2501
0x3812364136fe59a5db130666925be092050bd8ba,2502
0x36b78065a0211ef5233345d5b19382f6e9e03c58,2521
0x1b30f1f67306f6d0d4c2c3b2dd82cfa270b747a9,2524
0x9742a2ae06d70010017cc5f5c8dfbf3f4e84cc35,2585
0x8b309a276f7c974ab80e5fda8f34577416d2cd09,2608
0x5c23684fda73866f2793733c64fdfb68090148d7,2615
0x2caeda9f60ab51f1f0e586ced3dc8c2be3c30990,2627
0x8d85cbde805f9b0ea12c94f7f20cba5ed0ea9045,2674
0x007ca3a9974d3c0ac2b01bc45e1aedeb7f9f0bc1,2682
0x85b60d472e19c4a60b4fc8e55106c83ac0177a5d,2727
0xcb9153f1bac27c47f814b43e71980d84ee1b3828,2743
0x9fa6fb926df7e649001dfda830bcb645ae98c7d6,2773
0x2fc3e90d9f49ebcc42fae99b1f818bc09c8b4309,2846
0xe838d619fbf1f00c72149998b9e6cb9ca09c48e0,2848
0x8044cb2031592303a3bb8b346d4a1e5cb4f85d10,2854
0xbf836f2bb319078fb5eaca2e04444e8c98ac2cf7,2859
0xc237005ae4bf97510b778f7e4b23d7fb187dbbdb,2871
0x2bd8ed321aed43085e5b7813807d8c9d2f4ee8e0,2879
0x8ee7f67b307365ccc216311d61e6faad0265090f,2890
0x4475af980db9ec627034e867d88e12191c00191a,2903
0x8259ed3d22fea38fa8082dac335e1afa5d9204ab,2907
0xd219192e53327b36b96b0792ae5ae639bddb3818,2913
0xd88326fcf670f6418a0b23d8bb7930f8ac01abcc,2932
0x05bad7ccd5d724974b39fae047f306e8dbc37756,2970
0xd7bd278803151ca24bce8873d9c84c7f79beb215,2978
0x0d1bbf92426eacecb43f84fc81e383106cab2f48,2998
0x3b278a02f6644c65afd1667d7226d94375de7553,3000
0xa1f156e42c2135977c24e1a223895fbcf94a05ad,3000
0x355b7860e0be055470a703cfabc58bd45a75942c,3010
0xa20c3154078709472cb8375a5331a439b97407da,3018
0x2145c0349179ba1e451737a3892576d83d4c4b88,3028
0x6245fecf851d229a88f586b650d0961d716e6827,3038
0xf2acba03f1e8c881eb05d7ab8d758a9d6e99b160,3038
0x4cf7298a35be0487c78fdef1797bf33698316279,3043
0xa2ab5e348eb68781c7a76d20c41ab0d2f079c3eb,3057
0xad8db6191fd404d798ee9d12e4cc37f4501a7ed1,3059
0xb8111bc8fe89257b2034614fe882d70695b9c4f3,3072
0x8b7cb46c7045b3ce163671aabbbe9f2c2d0a881c,3087
0xfcfb2a29287b740d85cf71ac5414c74014f2a9f2,3089
0xcc5c1b01cd01eb5b80d05d1701de671753e936c4,3095
0xc93edb5cb8a8150a98f6dc8f4261e138e1cd27b8,3119
0xdc6c09a9840bc243f1b1a9131dd107f429364552,3119
0x1bc92b8c8f1934f701384c3e501de203042617d6,3122
0x8a09e03591df1a06a49d3dcef30e40c93afe48f6,3150
0x8af8e331e94109cea3f5be9881288d472b4e1df1,3154
0xf540a4b5cea8759fe88d978e7cc497229734a7b1,3156
0xe6fc1aa6a8213c20a0984f3b19de608ed75c0920,3180
0x56970d69ea646c4c16cc0835d691887d68d2c207,3185
0xd4212fc3b9eb8815b7489d40df3478c5032627b6,3188
0xac44216c91522e855b0051ec6d58354254658e95,3206
0xc5c193942742087c2c8b99e8f581cfadacdf3608,3214
0x16562e41112bf3f574a82cf17ad04ef3afdcd1de,3233
0xe5bbe195e1aa70de23bb3b6b5c5fec231d7af8e6,3239
0xf925a536519bd48edd52dd74af4297629e8206b2,3248
0x4e96a99e7d347730c1e56030982cb62488e4d5c8,3266
0xc273b52c69fa35d3b26e7deccd932f6ad673d66d,3278
0x4b60a1839a06e330e130ae13480742155c23ab51,3279
0xcb8cb47718b30f487b0c83f49adc048c59c23411,3311
0xb242b9824c89881fdb636768f67ba399da0d17ab,3348
0xbb5895d4441109821ded07d4f18165e932881cb0,3357
0x63d533c4ef66addf79781a4c5d040384f1cf036d,3382
0xa5600db20b66b3638840cafd07f3c03ba0e83237,3401
0x7b22add10623cbd8561154b1298e534aec57d161,3421
0x38118f9d94d92d3e319f761d860a7aa35d312fed,3430
0x4e3c09bb8809f9eafcca0ce248cf9fb1993c3c49,3451
0x48f57a9a6ab95f4c5a554c3203bb9aaaa0c0ec46,3520
0x82f574fdbcf021b3b3e205d8e7302d5df9a33ed9,3522
0xcf8e24538e6e8c6d7ca711f84539aeac0892e28b,3611
0x8d625569e04a178e0eaeacbe5d222e4f52851253,3612
0x75f22a2795a6011ba62a1a4a612cdfee49843157,3651
0xbe4bb476bc4e4d896470efcad6151d1b94188d9b,3666
0x3ce3a30048190053fd2f322fdf471c6dc4c794e0,3746
0xb8aed4b2028c1e8300ee3e779aa008ee25d5cb48,3785
0x15b944d8f3225a259dfdae7ddc4e3d1f685c94a2,3814
0x0acadaee48e8e44102e3d7d4d72af585baedd4fb,3893
0x385931460bf3e32c9137ad9d73514ac9e7edeef7,3919
0xc2214c9cfa3666867fc4e5eae2e2bd4928ce0b8d,3933
0x4623466a17bcb0b30502d3864d62c1918d966434,4004
0xf68f6ca7eafe5c52a0453a0765758739818dd445,4016
0xf91c895eba1e1094e7176d893e907a2fa481c2aa,4161
0x43b72bf077d5b9f34a4bd41ccb1e4bf672c32e00,4187
0xfef9d019ec0f6950bfb51cc98388147efb732bdd,4203
0xdb00517f63d92887f207c819c6add9ea71a9ca0a,4206
0x9260feb5c7c30d087fb5e2d61d49b679ad8232fb,4305
0x6c96c83b00a2ddac363b58728ff61f835afba659,4473
0x2dcf9db8242733c1556d0c7a8ce90ed6046965a3,4606
0x69cb4dfaf894e14bfb0e941589bd7335b96a5764,4650
0x5cf6ed65242c2057564e8a17a2bf89590280c5c3,4797
0x1e23811fe6410c9404a7105bffc9fc7d337287fe,4806
0x225e9b54f41f44f42150b6aaa730da5f2d23faf2,4806
0x6e5e5fe0532b762c80edb7a4160f5801540346b8,4806
0x89aba63feb9b0ca59e8c821501270cb78dcd5742,4806
0xc5fa03c052af7f31ba7c9d00308d8c28f2881e2b,4821
0x75cf8fe560f5464901c797d504dad3c752043a76,4831
0x9c3c471244b4c4c49c8de2a83d2cd1471ae08557,4877
0xcda69c882e1c4e6e44557d4590769c894703a498,4957
0x1708e42f206dd769ae8357a78e4ea7d1720be24a,4983
0x7b14a52d6fccf2e518a576cce882b1aea432f180,5012
0x8dcea5acb52e0399c32d76da9ed044214c3d0058,5050
0x8d266349f900b5f635591e7fd806efdc09d88575,5100
0x6ef2452c32ed6c2b25a06a577dc36b7d9f387a4a,5147
0xeb47033e2f8481496031b8251aeaa8444cb5025c,5147
0x80c67432656d59144ceff962e8faf8926599bcf8,5151
0x98db3a41bf8bf4ded2c92a84ec0705689ddeef8b,5151
0xcaeb3bd6f7589f48511798ba463c968ddc2d0d9b,5151
0x4e81a562a81951ed148f7d57d216259fc13d1c70,5157
0x72ac659e14d6dd4a40733bcc28536cbdb729c875,5163
0xa991b4601395cdae521caffaecd0d68bd913fa52,5164
0xb52a7a61a928c7924a7a258bd35db7753836aa82,5185
0x9c7eb3707d2b5078bc461edddffef71464a3f945,5217
0xac71717624c5fc95352873d7a1c0bf1d24a6a089,5246
0xe5c8fc3e681caf4a3ece2f4e5d56564601076461,5308
0x6afb8f3dc95ded90fbc8366c0291198056f8b7c9,5399
0x0d858cfb9bb4ea60dfdf67a608b71edfda95abb1,5516
0x660d4fdcdedaf3d64e8f65eb734ba2fd6ca61cc9,5525
0x6e516e42371bace71a4aba3c8a1316f3328249d7,5686
0xd2b74eb8aa866da2d53e1d4607fb089eee1a1e3e,5688
0x4657a82e268dabec1e3419d51a496f97a71f9b88,5775
0x41377f4130b1e62efb5a13b31194ec7b44f59e55,5794
0xe835af9a97134dd295174ca9ac0718db63b07ad7,5813
0x793c17cb810ca134f3603e950910aaf7eeace8e6,5817
0xa08f91df36d1492738e56759cf8af79e42c899e0,5912
0xb84e0e549da060fd855fdfef88566136c13827c4,5986
0x2aa55f592b340add64141c62abfef4db18cb76a0,6016
0x772b5f9785d7bf2684731f0be72d973914eb4d10,6066
0x5b69090e909487f7932d3465e402b304f38434fd,6128
0x729c28387a8e37f3365c2d873a36a6cf4802ccda,6146
0xa57d143612ec1b480be883f7c614f2b6e3ac575b,6169
0x8a570a1b9fcc80f076f6a3d344dcf22a2651bd17,6236
0x4f8bc7bd4006d132d94d1b84f5ac637e56e26b53,6316
0x04fb2a50b45f211cbd05c024620cb4a08b174b14,6335
0x727f9c8c3b3d9240e1170ff395637ae72311e320,6365
0x6925bc0ca2b84feba732836bd5fba881acb30663,6379
0xb1821584eee109c02ab2c47d51f893f0d247f5f5,6400
0x13f8a645731536794055605ec557bad8a0e2e99b,6457
0x20b9445f221bbf61fe483f7d5e240f51f2243cd6,6479
0x6012b75b1349e1016907bba9c2991965fba9a583,6485
0x099cd1533cdcd7ba27516849d1ce0914c49c076e,6500
0x7faa4c9af06f6ab55f4c888d85e88f8700d106b7,6583
0xedfb2f43c410ffcaec8ae0bd4b4ed3f448459a86,6664
0xb871dd5e5672d9eb13097350d9074200e30bd3d4,6710
0xdf627f524a24212acb573e8b1ae5f47e6ab83f69,6747
0x7fddb51fb25c07d29ef2e654471b78e34173aeac,6794
0x7bfbb831c8de5013c2f5e25ead23bcba1dbefb40,6825
0x2835e36528b4c68af3fd2510a6725d770ec32853,6826
0x19d401ebebc2ae1b9fce7da5872c54869fb194a8,6837
0x5137c006b4d9a50698e4bcec4983528c0c0e05cc,6843
0x1e3b689cf7ef8961a65eb7b15858da72edaa0ec0,6878
0x729b53d043f1d0553c222c2b4cc784f84cdb80c5,6912
0x04cfe9e9c518cdac68af31236136523e19367717,6930
0xd6f8ee266bec707ec020a673a841f71185d16e51,6933
0x5510754f60c2ddc6ae5e6b051e58f7e9f85e6d2f,6946
0x0e57bc9846b7f6bc2a9eb8f9807b3308ea4db10b,6950
0x3bbc2e80bbd3a4baf44c483baddc8b2c68a8c24d,7004
0x291b9552ee7dddaae363c8b6a1b4dacb1464a190,7038
0x7d53911a5545f392e9029ed23efd786e8cf9e9f0,7085
0x7044461352c911eb6a1f7aa56dd3182600ddce82,7100
0x86a74490d015debc5431ead298cda1e276095c71,7148
0x75fb6f62024099e838d88f7d54bf080dc834dace,7150
0x1a27e330f5d5581e3474d0a2026f0d5c0bdba660,7157
0x862d0029791ec715a933f73c4f0bf695ebd6cbd7,7240
0x496a1565c1a9b056e468a20eab1185d3502a8b9c,7283
0xc1a186dd837fa8377825da6a6ac2bd4b90a2cbea,7303
0x6ae48194c38092c1c9c913cf81d6c4817634289d,7328
0x7c25f976420bb8c05837313dd0f8a7bc5727034f,7397
0x8b539f845f646333dbf92b56432ae4c48d01be97,7487
0x28fc05945f49aee500fc6dceaa0b7ad870309b0f,7737
0x1dec5b77a64bce04a23bdb342dc4d7df7b052666,7760
0xb1cd75b7696e123b0c9eca5c6b4d2bed9e99b776,7770
0xc78535f62abb053e8d2b09438906c4ec0a85f9f8,7781
0xd94cb8e7a7fcc18394d75105c0a74dcafba14885,7818
0x92c319048f390b3bb3d7aa8820e5314b37a7bb57,7859
0xce0b24cb42bfc3c9961477a9377c2e039be60544,8029
0x30b6c4f38782474e4e049ef6da0989f644c2940b,8073
0xff2824ffb44e9aee20ab2f45c8e3cede78eb6ac3,8085
0x063bd6139b4f90e9ea8e8cdce10948de0b08e70b,8100
0xe4b8bd8cb10dbf3b152ae13cbf95ec8b869420e1,8295
0x6ccc490e0ae58d7f981676ef0fbcc3f7992eed29,8437
0x1aca61ceb352f3c5b5ee36c28e7e3fa21eb3ffdf,8462
0xb6ca7a7c6034a8219af7ddb49739bd70ac62b20a,8561
0x722e827ccdacac5a4d88aee8ed79f8311940c0dc,8586
0x4862733b5fddfd35f35ea8ccf08f5045e57388b3,8721
0xab12253171a0d73df64b115cd43fe0a32feb9daa,8721
0xd2adee3cce690a7af928210342b86a965548f526,8721
0x1af2c1d80080d4f97cfe60f58b582585cbbd825e,8724
0xb07ec99370bc5df1f9b3ac95e829c54cb95885eb,8757
0xf37f2d51ca2eeb1959e5999446c5648e43373fdc,8789
0xca1e6cce755f9b276ebcf60532e91b1d6804486d,8959
0x3f59249d932436ca8c767c2f7a41ec13bef754f3,9019
0x7be25a600ea60af039a54732372e6153f64a0635,9078
0xbad00ca0753bbca61cf3e41f67f9d7a9523d565b,9129
0x6164ac49aba7c2959da8dbe76310edd097635d55,9223
0x42bb2c93002434be15e2db7b208b30b4219d19dd,9224
0x90208ffbf774d70b1433f6d64709fdf62104f77a,9229
0x45c7da09fc011682c8eac2209c64b9565cc92158,9261
0xcbcdbc6bfd5b66e2b6eb3721a24cba44c230b3fe,9314
0x0f42f874742d8c330cb76f506000d17fc9057e88,9336
0x7a29570587713b2c7e3ee3f5f6b7f96a58dc4165,9354
0x32778259cffbe0cdd24760d8009f106c25f55c0c,9388
0xca2a9daae6d92f0340d99c27a28665501e07861b,9429
0x4b0627607030dbde38cff2b49be60d7daab39795,9453
0xd2233c08550c14fb1b1e0dd58590456f6cbee701,9510
0xea99a6296686929f944c5908525ecb84513e19d9,9538
0x2d86421235bd235dedf071b14724e88360422e90,9631
0x653b4c9532363bb07d36d93820e6916c17663bae,9633
0x92f0bd92e1ecb7c55e2af294b5c0ad92a2be7d68,9698
0xf0725b56cc9b8220196560238a36170bd7834997,9709
0x4f81573a58b1f2a1c188dc380d75c0c64e8b083a,9742
0x1cc0e09d286337bcdf5723237ec0d0d6a6d9a891,9743
0x76b4b27b47f211448964ed2cf92f731412602700,9765
0x408cd73b0a2aeae42b16924001f50392977bd2c3,9782
0x13efee00c8c9be4316e83f728b781c01f3361fd3,9835
0x14f34fd3734f67347e0ea098335bcd308da1be43,9835
0x1aaecfec2ff59b722a99869d480af431237e218d,9835
0x26a918a42bd06f9fe8fac129b6a31cfb2a81d94f,9835
0x2ac1f7bdc8987389ba7f3552bb1b90ca9f191528,9835
0x3c0476076d0c285818fc957994163e537bddb069,9835
0x3ec0af50a717fe39fcb9d04158cbd12276e35671,9835
0x42300712ed05bb7005cb569a8cf3a1fa2ecd0650,9835
0x45780eae98fd7b2d1a95c659d1dd8bf49352c8be,9835
0x4cbf9a911050b011ed331c6ffaa56f4812ae9546,9835
0x4eae67115dcb918756409e0d7afcf8f3b6c099ca,9835
0x54e7896d8a409b74aa94aed084e1d075f2e7e346,9835
0x589c4d52e8c4eb0c6487de5fe9a97d8ee6aa276f,9835
0x66c6de43d25b0ebe9275f4b7ddc64a8d5015785a,9835
0x73edb592e75216dc3c61596a8f240cdf525d2f32,9835
0x7b603136a0a315fe3a8036b54196cdc9dbc863fd,9835
0x7f4932c963350071cebe13786b1c86ada2d108ad,9835
0x8b170c5e9b86864111a6b5faf1f2693ad03a5416,9835
0xa17b62794dfc6f5056f5a365ad624ccc0492a477,9835
0xa202f92be9f2b362acbae1b1a0edd523ca7b4e14,9835
0xa295aafe279a16f58285e4bc958473ba080608c6,9835
0xa89648ca68cf0819dddf34e9724cabcad25d523a,9835
0xada001e97bf0b853731035d0e077b76585e88372,9835
0xc033b8aa5a9e914cd30eb16123c1bd5db743d3d6,9835
0xc1cdc97b27fabd8c4618d13ae5bbb09f67b58bca,9835
0xd31a175a450a3095d9a1ec68eca0745d51af7603,9835
0xd84e97d4174419104261ba3a12e74f5fd6abfcb4,9835
0xe4178103d91dd36b84f89ab1ba0d4ecebd975a46,9835
0xe47944a003fc64861e0108794c40c1ead6262f4e,9835
0xf8e802f5ade72d09a601cebd027d00779f5f8c2b,9835
0xf9b1a54dd6d4ef0ade7feb45fd29344d2d01d3a2,9835
0xff95c3486e984f85a4c52916ed11bf92262bba11,9835
0x15fd758ffec2d0007877df3817b2feae2d36067d,9959
0x5d67dc0bbdf18cc0190016e857ad080f145730d7,9998
0xd25891cfaf13c9ca8a102709261da2ffd0fb0a1f,10013
0x9c138d52ebe2d5abdff4220d64a976e015463db1,10203
0xae4f582d6565acf294dd81c98099cc82bd710afd,10280
0x5046b25ec2b42e9c8554f9cc94b056e57a13aeb8,10431
0xa39f54d1ff13b691fc653dfe20fc2a355ccf866c,10579
0x56329acd726a373177f8bf2f94ca601c0bb3c4fa,10793
0x7e638248e5279bba56f2966bd05af4f001898909,10871
0x130111927e4d46b15919177e3f83869e463a815a,11231
0xc0bedf69cd9ee0f0978f90193a979c2901d3c4ee,11477
0x7bff8869ffaf2e81bf98a7673f75ec1e60e20b82,11718
0x43c63e4e03108dcc9ee682413001661f8cc79611,12117
0x29857fdd673dc2f6d3e49759fb6d2e3a36228c23,12236
0xf41ccbf48661c1566b97cea71f7c5763b7a8bd87,12439
0x5efa45fd10d4098bae637de321c82a26a3786203,12475
0x92059ae1034ab2be7d213663b5fcb987e138c11f,12512
0xdab835f3c9e755d643c4ba41eae2379442c4fdb8,12516
0xc80f7f4d140be71f5d3b337deae0e01bf98ef6f9,12545
0xe423b3dfce1564fa1bfa28cdbff68a4eab20fde4,12549
0x0e9c358d7583060b488d7dacd63f0c8d5792e9cb,12566
0xb476fae11841a0f2a1662d5fbbacee10029ea44e,12631
0x1bfc5d3d41e78ed1f761876a00c596c40c481e03,13216
0xbeb8fbc271065f594dec355ac88308bdda31115f,13224
0x759f0a0524585a0748521df0887ee492302f6c09,13339
0x288bfd5d27a9baf132e31049e5d8f99a1d0f1af6,13733
0x955100906ea1c25d0cd37d47c1c9a36e913b7495,13755
0x342cafc66d97a9a90ec6e2b5dbfcc80d861f063b,13837
0x91b29adb298014352420c585daefae7a7447f1a2,14055
0x67564a1250b6ae75eac1359ebe4b0159e2c13141,14519
0x81e0fd1d7fc1334c7cd726e17d57bfd6829012bf,14519
0xa2fec84c88bb912f642e38b18454bca50bf00569,14519
0x7889ec5ba6cc5b4122cfecedf5c2dc59e07ced73,14818
0x14b24b8baa3bce2f6601f1e9f0e6f6d832f7b1ab,15206
0x3701dd8b968f5ea94e335adeb3e0aff4b14aeb54,15826
0xdcda5ac93bea7152f5c29124c0f6ff44d2e3cf6d,16684
0xaf8fbf59e221d27b55dc3adc2366f9230bcf5096,17819
0xaf6e292b39a429927c7ee68f7b9bfc04ede69f79,18970
0x6d82ef6c01500a26400d836f758dd4937e6234bf,22838
0x28676d6da8a250f72a82765533a536306976beee,26763
0x1df7b81657a3449ed337722597b0eb2e6a83bde9,26989
0x1ed09b8b375f1c7a59a78a16338597564ed3d87c,26989
0x1f1356ff901845f4a57f87ceda516825b4f251f3,26989
0xbffd379c41289adbff977c9bb994c1f0236b72c3,26989
0xa849e69c7be989aafbc86e9789d832ef43df47d6,27806
0x0b7f9d46f0084503ad7b9e9266af2134da8ad596,29179
0x74d97d60b30bea72488586efb3a14f5c458319fd,29743
0xcdeae688fa3c67e5d01eb9537b09d2f1ab801211,42702
0xd4fc1974bfb6721785ca25828711d76a0fc2fea3,43250
0xbd72008d301cb9c1c283c6abddd5d32bce6a2abc,44070
0xd3f982b963a063440cf4a93ee2f2b7262473a2a8,45574
0x8dcb3acd2bb5647d81f81d9ed4a71b5b78c20892,45634
0x60d4dd03fca377816c959ff89033ffc8af4efad2,47594
0x2fc617e933a52713247ce25730f6695920b3befe,48254
0x8fe6490a02cc5660a23a62dd6232a96c4ca83167,48254
0xa8c1b690f5a4065fbbf5b1bb1c818a0e5783cda3,49978
0xfb9641e4c530776b81ac106596e30eca435d444a,50106
0x7854163b1b0d24e77dca702b97b5cc33e0f83dcb,50250
0x01515c9ba2b0a8162c5a46b8ee82cc9d14dd3516,50257
0xd46a15b0b0710bf324675aac2a1aa086793f53d4,51971
0x0f46540678c7e6d2ef983b382cc07fa815ab148c,52784
0x1dce5c8947bb9415112ec1ffc076d9b4a5b8cb41,52816
0x2a1c5836bfa5e971560d1ba7e07248001f8b9dab,52816
0x369bdbc7c3bb12be4fe7cfdb5e5141bb9f17c836,52816
0x37028d9556e985dd97b4d1dc96f28dbf4fe2fec5,52816
0x3c61a2f643060a2b1829d8be2ec39afbfe2102cc,52816
0x3edfb642b64266f794e8e4bf5e7f4e1d3ac240ac,52816
0x400e5813801d8d2ef5eaaae91bec59a73665484c,52816
0x51a9e882c70f7ba006e415622114350ee190118b,52816
0x5df85b6216a5b2554ff95c5530d49e29ce929108,52816
0x6856f197082d361ec7d6db05e27cea781e8ed8f6,52816
0x77d5a8b010137277897de6fe79ef7e38fe56df6f,52816
0x7d38fdeda687d68a9a348af17d444c00dea470e7,52816
0x8c6130063cbcce8208f67e8962582fc60ab550c5,52816
0x9035e9004a4f1e88c296be507c5cea8f99ff8a63,52816
0xa7e34d2fce91e5fbf45bf7f8a7cbdb1e6663f125,52816
0xac304d09e959b3a950ee538dff352239cc2102cb,52816
0xb1a8f5ae1d5d312797207c15dd4ae57454d794f7,52816
0xb349fd688b598e054e94bc97bd0ae0e026defcd5,52816
0xba3c852367a720da7ae2c9ab808ad6195064dc0e,52816
0xbb23d0fa604cc273c029ab0966accfaa4254deaf,52816
0xc6b241ac83e617f4fd0e8ab5ec8a0b7485f0763e,52816
0xdfc9f311b2a99bd1abf7da71a6342dc99d1d057a,52816
0xe0357c877684c1d76da30c1e09ccb425bc710fd2,52816
0xe8f7355a17fc67219fd6d15fc9ffd5662977957b,52816
0xeb9a3603badfd886df7b6bc2f47a3f5c9aaff5cf,52816
0xff2912ddac86077a152a71d1c40da3e82f939a77,52816
0xffec9c63c163981fcc61b410389af1b247584b14,52816
0x6c71fd9e69630ee25cdf7adfeee59476c830d02f,53708
0x5a45672f14c8272a9443c6255e52ac4eae882bfc,58592
0x85c7d244c6057d42c770ad85ae198fc5f47957fc,64658
0x943cdea19d2768a080b9c034ab6eda6e1120bc72,66195
0x731339b49a609dcb8c5491a9676db7d752592bec,66345
0xf527277ddc787974e57fc195a0ed5c86cf5ddeec,69373
0x62c111b7d36a0dea3c4b8ac312c2605f39ab3220,70298
0x8a9aa4260c9a9259028c9d80e6f563e55f20f2b3,72066
0x09810c2b46bd38565ba68459c5a847c228fdc7e1,72178
0x74de40808d4eb76c480c882a3f8e4fc0a4701d01,78643
0xfa06c206274f56d59dec48f2a7c695d3223db9cf,88482
0x675d696d28451f9b07090bbb6f569f9011563a80,94276
0x8c7751c07ccc062dab7863b6d2fd2d3b872b23c1,94276
0xa31d16b2bca58332b4af97a257ebcea195acec9f,94276
0x47adc7c4c534c344c0edc887b0ae60d1b8b7f1f5,95760
0xddb8cd221b80590ecaa550b74fad767f88913087,97944
0xfb15339d187a76af62698f73d700e1f8536f03bd,100000
Total,6244517
