0x00c7e8191a08b6b11725b459da2d0df60bd7c453,20626
0x00f1ee4a1302264ba25d7c94afa36e62c5c168c5,1704
0x010e86d5c98a9bf2d232a3a73ea289a79b545b16,4492
0x0150d9832328c64f8255e129b14e63d8dc7e8d3f,2781
0x01d104ffe610ac60a22628c4558391d1cb55aa6c,9198
0x01f0729390c53a01a6c1afc36c3804cc1c3eaead,17199
0x03369f6db2e2e77a2ef92b6295d6989cd68b8491,13105
0x037be2500fae074adbf7bc267c89d8974e633d65,6859
0x03934049d46930a552095219ad2f5dba87b8bb8f,1149
0x04661a2f774b746d03c437d74d4788634a3c42da,1786
0x04e0931c3d6d4cafb8d4d03f3604adec72180948,5135
0x0556bc261bac7632bd2985dccc13ace14e7e6ccc,974
0x059c55315e01de728392f772d09a028113378a16,4564
0x063bd6139b4f90e9ea8e8cdce10948de0b08e70b,8100
0x064e9ea8eeb3ea9a0e68b397db271fb7ac525e33,2484
0x0666e8e2a386da38f4798e34efc57e46889619b0,1365
0x07237387ba44b8e8a81268ac1a24dfd960c4714b,924
0x076874d87a3351343565737cd7076d4d943f8a7b,1455
0x07b3e12359a738171e2872f4db665fe91bcbadbe,7720
0x080a75c96bf646cd9f78aaf8c9869a510e9c68bb,3579
0x0839bc8e3b3a177b750f1c32aee5cafccc03b82a,1235
0x0853fa4827b90e263fa6b412e63ae017e499e29d,1702
0x08a15d1c691804ed9a129c7cd51748c3429cbd72,4806
0x08ab30facb3ef439589f25e85496428f1fb5b077,6340
0x08c9ed76f541a1ba9fba2834d6f03f3457239cf1,1932
0x08e0f0de1e81051826464043e7ae513457b27a86,2159
0x096f735154407315aa47280bfb2473e7e4550dd3,4708
0x0a608f679244c5c3dc4868f11f69803252b5d24f,8853
0x0a854073a79b13254164de2bea19e91add4b27ac,3039
0x0b015ba49c127da61b3bf4a6c17d898a499b42a4,1699
0x0b1a1e1176b2aa3f9947c5648cd7ccda4adc172a,1623
0x0b72a0c907933a9084a83781df5b5bc4708e5515,932
0x0b7f9d46f0084503ad7b9e9266af2134da8ad596,29179
0x0becbf1ed64b52d06694f47a0a30313c7fd4e2d8,1423
0x0bf17a6e867e8b1b79497e1f41480c789b2d252c,1048
0x0c7ccf65a406d5e043643aa885eacf81218ddb33,1472
0x0ccafe3a2696f79e76d9d4738071248c72c6f2ff,1461
0x0d127e60a2144e729a026c51d294e6a41be84fd7,963
0x0d1bbf92426eacecb43f84fc81e383106cab2f48,2998
0x0d72a35df86efdefe3593b50bbd9edecfa5baad7,24361
0x0d801699678375e43d14f67453e24f17ebbaef8a,100000
0x0d807d0ca70448078220efa878d43f61bce3a5c3,7866
0x0df2861c4a9b81931a49439daae6468716815845,1151
0x0e636590cdbbbee88922f7c2d1c3dc9f4c1a0ec1,3295
0x0e6a3f010c059ccf07b89b7ec34897d4a6d27b9b,2348
0x0e6aed5b0a6d815c21512d928221773f9bd124f2,3271
0x0eea49975e5b5de08b84ab51f81bf4a96aafea61,2433
0x0f95e611c2efdc54ea2bae2e74b94bf2d9cc2913,1075
0x101aff216865f56e7653b2a0c6f714980606f072,5714
0x1045e6f5d7606bff427535a6f6da610d8367ba39,1781
0x10b41af5c295621e562a032168c2b9d36d27790e,4009
0x10bf0cc5fce2f6b8cae0dc97255c2e3a57ee9d47,42507
0x10eafa0df89eec3d6c7daea9c2034c1eaaa20331,6984
0x11952c380da6e34dbb9aafb6e4bd250008f23c9a,1305
0x11b32242f30f8159fdf36fbb4d6a26efffd533ca,2233
0x1205454642ee605b22615afd801186cad20495f1,5542
0x125c378bae18a433fa8e869790caa4bfe82af385,1535
0x12c11a2ebdc9053b7a1b7b5601e2ecfb24facb54,1902
0x12c6f7a9d8bc88123b53cc8163d894c2b8ca7839,1751
0x12cd3dca194161fe3535755075499f115982ee63,1808
0x14583f53345087ab3cdcff01a2afa79681698a31,6136
0x1522bb679c1c7e9136fa88015528d8eb60faa12b,2084
0x15446371fe06e86fcd27b1f567491a3eee9c238e,1274
0x15534128e89e302288e2bc97495b83795c0d2f6b,2723
0x1637c6985673c6b92b2c97faf4f9dfec7a77ee25,26998
0x16cd34abd1145b109d493b2d9f0a32d737d456f7,1462
0x17170f119346c85e519cab1b0901ee7a7c581d7b,1867
0x175124a26cd4a1213c351c1a95c23d114543cd49,8431
0x177a33798caf09749cf2d92ea6134cd7471a046c,3292
0x18108fc3ddde2f93968955b836e9b0e531a7e589,52970
0x18b0230f4a71121a99cf3c9089af4845ee977d64,16062
0x191d60bfe770f85bdf18858263d63f0571fe5217,7765
0x19f4fd6676d3e74b9960b40426ba40970a7225e2,1431
0x1a7ae34f08298ea97e7d80991b5c7a1b7e01e665,9719
0x1ac81fdcd10b27d2af73ef0f097159cdf0f0aa8a,7842
0x1af39fb2578c1fe55439840f586f7bed40e8126c,2151
0x1b844d55ee7fca4b0064ffe9ac62a8d21d841950,936
0x1bb77e121b1ac9083c3c958437086d93bab4b128,2474
0x1bc92b8c8f1934f701384c3e501de203042617d6,3122
0x1c03d0341e02ed4463abd3f0925a11139624049a,1358
0x1c09a864cb8b1970b04a4568b4999387bd0e94b3,4666
0x1c0c89581928af321df09769fc77ec50175e8e9e,1040
0x1c139649763b154b18a3407dbbc7c29c63f8e0e6,1252
0x1c965cccc6f1d9262fc0d29e1ead084ccc1a17f3,5019
0x1cb15998a75f4628a2bdcbd86a632a33d906c116,49741
0x1cd6a27ad851146b43b952c405f09a637a164018,2921
0x1cfc9522d7bac5448b9045d023b5fa6349fa7a2c,1902
0x1dc3fe11169d32c71b377bc14fb464370f028b5c,100000
0x1ddfde3da20e05fe13a70749436d57d371af80f8,1009
0x1e3113416755d65ad987406c1a9dc32d00e49720,42027
0x1e77b7ed31c23bbaa027b2f873c64bbeaf2f4e73,1155
0x1f1354d0a4b6a9fb92781727b15f6cb526da4aff,946
0x1f8c88d399c2b4503001ffd01703780c007b8d2d,21168
0x1fa137dabfa2c44b119338cc4cb40f74a884594b,2278
0x1fb9580e0b19956b90351c825ae7819f1ee0257b,16090
0x2015ff657d2be663226c80cf2aaf894224e9cde8,990
0x201bb4f276c765df7225e5a4153e17edd23a67ec,1074
0x216c8f78f7b4e6674ed82ddc178961ec3b7fa099,1576
0x21ad11bb11e5183fa841d80772d0b49246103b02,3210
0x21cb8e0f54d2845c96b440445f210113b1b2c79a,1125
0x21fa2cf8e56b9938402a7e08703bfbe4be0943fb,1300
0x220a6cb04d48ca2c33735e94df78c17f8b0f7c9f,100000
0x223ec7f13c87f127fff7ade5c594af975036e652,5413
0x22675e69c276cf2d58934123b652fc420110ff02,1041
0x22a68f7d45206edc59bb41fc25a90e3a9c46e40c,1399
0x2328e6db1ce727e8690d4818d66176a762da8d94,954
0x236884bb674067c96fcbcc5dff728141e05be99d,2723
0x23d4e10dc767d649a91b371e100f3d05cb8a3ba6,4591
0x23e536ebf24d7b37a31992bb6d33a1ae4669803e,1478
0x245d21333786d70ad8b8056d4be67425554782ce,4070
0x249ca6de88676f0fbf2eea257758a302bfc1ab56,2620
0x251433de714d2c50f5d952b7cc6cccbe619e3308,1311
0x2536cb6ba195ac0e6535d1a6503a7faa96309d35,1828
0x25554d498250c47c31b0db4409c8814a2acedea7,977
0x271d8e39108990e89de0aef49275a194269b58c5,64205
0x2745bc98db272ea5bbf70c1fe373df4812e5f2dc,1083
0x27695076ef87e7749ee7ca387f47549ee55dade3,1705
0x279614fe9c2c874f0bba18409be43de82e10f038,4678
0x27ec559444b694cadd16786cae08d732d7091298,1232
0x2808014bca94137e0aac2895fdf138caef37841d,2166
0x2808985ff9c55b0851eb819f63293138ab18a472,12760
0x288bfd5d27a9baf132e31049e5d8f99a1d0f1af6,13733
0x294c5d65620ed122e8e84d2241db5c67feb67907,1131
0x295bb2727da492a6fb3ebe7f938957bf0b84674b,1111
0x29ff9cf03488c843e5ec55a5517ccddb849d1e98,9531
0x2a11e5a7b8fc43ff6f08c3e858cc97d84e14316e,6837
0x2aa1211e05fece7e8f54bf6a1ce8585b138f0c43,4773
0x2aa40b4f2c62c70b12ca2295f3657632a21d5396,2206
0x2ab5772519dc5295f459327618c1f7d0dd11b74c,1922
0x2abf33485edf704511dfa42dfb8afa71a0450a8e,3408
0x2af66e1d222a13cb9acb1e223d80b825675817e6,3399
0x2ba23308379ccf059067438ff9309c9f5327d90e,4805
0x2bd8ed321aed43085e5b7813807d8c9d2f4ee8e0,2879
0x2be41bf93270d844a3c04bb504014469530f9e3e,2676
0x2c4fc66d169d0834bf913bf5ab6adb835394fa83,1901
0x2d78de08855e21c6747ee3b5ce635d68e6a9cdfd,928
0x2d8e211913247a0ec5454137e7a6ed18ed727a2f,8805
0x2dab481d9f9f3dde5157e10e7a3ed8ff4470d239,6121
0x2dcf9db8242733c1556d0c7a8ce90ed6046965a3,4606
0x2dd940eb066b4cb932641aa840dcbd3270d92369,1561
0x2eb4f35b998ba230562f646dc235ac25f18a3034,1021
0x2f11b945f494d2876dcf8a8461bc871a66c593b9,987
0x306abccdbd5f71a8c927ed81198983be5d0ce3e3,3143
0x3082f27581a2449268a14af56d810cacd9984ec1,100000
0x30c461dac5ac1532ec03adf57d7bba31028d97b8,6845
0x30eeff183dce51bd0738e931f6d7b73e23238868,14840
0x30f268c2ff4bdd93991e8185da5d32e4b6ecbdcc,1509
0x31ce8b8ea3b8ad61780775828aa3bd874b1010fa,1672
0x324573a3d659eb0069262da78deef0c69ee63a1c,19161
0x3266424c9bee709ef24965b0ddfdc504cb382a2a,1031
0x32aeab6abf68163360263dcc4df8bacdb054bb77,3465
0x330d186f5e01311b4f720e81a98820d9be48dd64,4806
0x3316263c19bed1a29a88f3d7f8e95b15eae9a385,34792
0x335c0552eb130f3dfbe6efcb4d2895aed1e9938b,5112
0x335d2d954cec61cb4673780300d890340a29dd99,3242
0x336c60ca217cc981b5eceac3666e15930b52813f,1774
0x33ce1310e0e95bdb74fe3ba755231b0fe1849105,19325
0x341d8917a01895f52e26a945e984ce2d246a61d8,2980
0x355b7860e0be055470a703cfabc58bd45a75942c,3010
0x357c61c6ee17be563f36f0bf0290ba8db15405d3,2104
0x35d72c442fcd5ddd7b5105ed0fdd532deca79c40,78643
0x368dd8f7a3fb3425d437eda7c4391e812e572003,4854
0x368ea7618441f21014feb6f879608b03bc5cd019,1141
0x36ff4b982456274a2af91a5ed464ad5d676f1b1e,1525
0x37abdc623bffab4f1a09730c054afeffe67cf444,14549
0x37ca2fb13f200e3f922d7f07e9bef1fcfa3e8b4a,6300
0x38118f9d94d92d3e319f761d860a7aa35d312fed,3430
0x38e98dc65453336788b8e3789ba766f9eb9460e6,11196
0x390f824ae0d77b4e510e1e49f4ca4be45909386e,13325
0x39cc43b3068a208ae87042f927fb53b85586c654,11899
0x3a2a43bda9cc3d88029120402ef14331991d4c77,2205
0x3a445b0749839c8e854fbc6dd7ccfd8ee42f8d12,1513
0x3b278a02f6644c65afd1667d7226d94375de7553,3000
0x3bdaddea2c71ee5c63f1a2a16146a7ba2c612328,1130
0x3bffcd2e395fa330346b624838032a2e97c8e72e,1367
0x3c0d4dd392dbe37d95a9a3c0c13474deef40bf1c,1272
0x3c2183adffbcd1e4f4d1be689d1d658d8ea81f6d,1072
0x3cbf5a2ad28271f6ec30e0d891905e663b78b865,1207
0x3db00d1334b5fadd2a897d8a702cdcbb6f159d87,6077
0x3dc1c011f2f884300e671e3f38a7c507e6cab320,29038
0x3dd58618d15a86986f435d1e45e143961c41b343,1379
0x3dd62f93593f2b6775db13b9305193a5890c7806,2398
0x3f30408b95b31c87c6a681cb6b8a508826b95de9,1400
0x3fc137a4d127356962c0ff60fdb1a1ae3546a06a,3156
0x3fccf1de0b79383611de17e6102d59bce3c51c3c,4566
0x3fe69e61d697dcf399def32c97eafd7470fa8eec,9623
0x3fe72b1ccbc0efb98c78e76230218d7cc744272f,1620
0x4011ea6a47ecb08d03f2fc535cce8d096116f8e4,1485
0x40258d34f6a1dd351b92b37db93c4c3ec1bfc30c,931
0x40d87a206eaa151608b04600eb6f4e5a63de136a,4662
0x420b3ff8e80c7fea69c03e5eeeb0fe2acc6b8913,2516
0x421c5ee9d53e3319b4a450649f03e6ed3e52e4f8,1404
0x4271caba18d703f0e7a675f7b4a6715be53a77b7,954
0x42acf5773af88b0e49f413e10edf9bcef93c3805,1588
0x43469718666fbf0d76d53d1aa5e8adaa51aa03c5,1800
0x43ccda6275973913ec16392afec6b1f547afded3,2130
0x43ff82de0c6b761f1a5dd47554bd8e4e87848b09,967
0x44e5951ce57bc86c2591801f63d62be331c1f50e,1072
0x4552c45336a7bc5be8d73a8df85061d5199b85ee,3262
0x45f91e7ab2b4c69771583a4d8ee6619a913a1736,2309
0x461337d4f089adf16455acb785415f6437da0c24,60961
0x4623466a17bcb0b30502d3864d62c1918d966434,4004
0x4639b83faed52e978e0b5d9a4b0f3f7d1b17d33f,4010
0x4667fafb8fb809581fefcc6694d9225ef9afa775,1278
0x46efaaf2b184df080d23d0deafff16ccd8a47945,26989
0x47280b2dd6b9fcdb696c23e0292fa59d976002d1,100000
0x47e66853e1a8c779e106f024177c922e72b792a2,1125
0x484adfda2b22b76109087bfffcb1d120f8e045a9,32904
0x4866914e8fd0d89b806d67328099bafa201f6be1,1653
0x488bc9bc9e1873b95859cb7b85b5e4ab699d40e8,25962
0x48f88a8d8e4a9dff33c0a4d857a81a189c2d6e07,13232
0x4919fcf252fb7c897952ccfd8613be76c24e0578,1988
0x4a320b2357519c68b564c86a4fe3e6c51a9f39e6,1171
0x4a4ea9e5e13d33db6c214cd85eb205fe0600ca85,100000
0x4b26157444f2b90356f1ec3e150f6805c2893ff9,1615
0x4c4123b176322c44fcc59c68fcd41048698b8303,9292
0x4cf7298a35be0487c78fdef1797bf33698316279,3043
0x4d2ed284cb9ebaab06bc01cc1c7f824e5b161378,100000
0x4ddb5a0fc344153c4c7f097837147327f5f5f59d,3196
0x4e7539f2445d82e7cfea7f786569a458eea53db7,4199
0x4eab08770d2570c10669c746a422d078d77e778d,1225
0x4f102a19284da55f11d83e5aca399b1cbee9d056,976
0x4f290f979a62c4440ac507690729788c1e0a90d7,1100
0x4f2aab4673e0241961d52ddc0fb3ad3845af8341,19203
0x4fac514f80e2d00e46f9caf2d8db67a9f92a37f2,9448
0x4ffc3884669e442e5d2f687b2c70504d942ba129,2336
0x501783e585936116220b5028c4c22dc9fdb991bc,3601
0x50abe6d73bc1a4a20e87d9707ebac862fbf0cd50,1961
0x5101f854f670812f2ebca8f6669aff324f192218,8721
0x51d32336397884d86712814d73ee3f20610e3952,11071
0x52a548df507a3fd73a074dfdfd68da7a6ed8b1c7,3113
0x52c881b5c39ecb74e1f17c6ac13868845cbc3955,3294
0x535e34911c1618f22eb509aab564f928960a65e1,992
0x536a32e1448cc9e8910d319d8d4639abfb13fbd9,91525
0x540cb04ebab67e05a620b97bb367ac5e4ed68f09,9965
0x540cf37a40fe4483a159d9b461c1e5d4bb41af1b,1179
0x55cff8a06ee8145433bcbc809f63123eea95cc02,15396
0x561b4386761d05a71e5f1f64b476d40eeaedc30d,1024
0x565b28cbba56749f0a96db4f72916cbd4407fcf4,1515
0x56970d69ea646c4c16cc0835d691887d68d2c207,3185
0x56c7c32a5d27446def99268beca49c3a0b989719,1853
0x57919544359e569c83322d1bcd6def682e553b6f,2001
0x57dd42abf478690e1e9c99d2ff1f97e4a3d2bed3,3412
0x57f92f53232bcaf56ae6f91a90dc09d84a5c4bef,56511
0x580731e5603d6faaba4a361e13d35f43082d2f3e,1587
0x580b448ee96247231599858dd8f699f7567751e7,6944
0x5811be21602d24b00f73a6f922256448ec04dba7,1619
0x596bdffd639d9fe5ccce1f3e4c73f5ac513c88c6,1725
0x597fc897b6ab221c18cf51a31cef41285597aef1,1631
0x59d6779eca6c91ed7679e261b54299b5155eadf0,38364
0x5a156edc780d5ff858335df971e0926abc741d9e,1875
0x5b69ca5f89e1ae1b3407c87ee7c8d0758a7d732c,2953
0x5bfe360c1bb3e221c2937cf0ed09aae4885d9d31,2557
0x5cfc2c648ba36144644758f8d39553c0ce355fc6,1988
0x5d0208796bdcb2efabb0acd80b0008becce1d7d5,939
0x5de9b1b10c40a21a892c2da33f4cb68b02da51f1,1215
0x5def0b86de6b0582a7a89f6c3858e9c42deb41fb,2044
0x5e3b906074a29dd2fb1d9ab304bfd927f603b720,1003
0x5ecee772af68101de18d5bbf99a68fd39a8dc9db,1056
0x5f4ef5c539a56291665fcca4e6b7a6446ad11cc1,18257
0x5f5256c3090bf1120002c89700ed6dac9dc7f7d6,1657
0x5ff4a620fe2e7ab1a947b7b1be5b1719d3c7f4ca,6808
0x5ff5a1d0509f91c37aafa0bf6dcaf60685dd0008,1448
0x6006ba5f686eb177ab056e9fde4c231bc1f86ea0,1234
0x600f9faa8a2d39a710b28e2d0ec8a5dacc12b00f,100000
0x61144f133cee6eb6a3cb1e7a22dacfe57fd625e4,1904
0x612270f35e71c62929eb1185bf406ff8fbc61c96,951
0x618682ca6a4e42d8e1951f2adcd9655b21e36c5a,1116
0x61c4d254051cdbf86dc71d13070a1b6e9abc2489,1600
0x61d9e931a72c9fb3eb9731dcc5a30f1f6c3ab63f,2408
0x62577f4489476aac94e0cfea33d8499372f9a183,3779
0x639e482f52d9f8655e2fd4b3b2244c5ca6eba81c,16738
0x63d665c8539c055977a881af96d64ff553e4535c,1716
0x641cefed261b81add34c3d007475fc032877833e,1895
0x644be8a25be30a21e2dffeae4fc43937fbcf3efd,78643
0x64514f4a2c9e864d4516e1ca7a5722e06b78715f,2275
0x647a79c324a2d283baf8c999f8e3541e893fcbe2,4806
0x64b5f9dd6f23269b966a4c3717e150a6dd264851,13912
0x651fad38698d776c98b42920d3f094d1269a3ca5,14436
0x6523a1b0cead2d4ba47de948c736a0ad07e84815,7304
0x6598a0e8743ea9b800d8b3d0445f3e7a82a7e0e8,2543
0x65aaeec60c6149bf18753f5d2c361ecbba22651a,17896
0x661ff83a53acbf5378912985549f8e6a243087ab,2454
0x66bc30b2fa07b5039c25a16d2c290f4fd2c85d72,26989
0x66d046521f6c91aa8432021a16d0f77fcc65436a,3605
0x677fcb7cc86d1f37b3b9e7c111f8e98c302a3874,2283
0x683816cf4b1a4e317e195741a7ac31b825f6c9cc,5000
0x68ecb5bd0476ecf7303b2737cba1d8ad5476e366,100000
0x696d181a7961ee66c42f1ebeddc0b48b106c45ad,23302
0x6a1477dbb687cc28d298c0838b96c36ab40d40e5,1820
0x6a8ae9f1ebefd842dc7e9ea68d48d0a9a753d5b4,2568
0x6aa954d5748a95f516933c95661815845869c663,100000
0x6ad899aea96f21c226d63e3c69ac27c25a360876,4020
0x6ae8ea3d4027dfbfdbc9b2e92f2c3d24997d1faa,4317
0x6c13fc8ef50144a21702415d57ece0a09879fcfb,100000
0x6c21c1ad4f9dadfbf618858f93a2c71ba2e49e31,29205
0x6c96c83b00a2ddac363b58728ff61f835afba659,4473
0x6cdc35ef1de4f53afdbafa8d5fa37e5292b2f072,2843
0x6d25a1e9e176ab058e0f19e67bcbcaac2be96fa9,6903
0x6d25f6181557b74f18d6619f1c9c199a65946d79,1386
0x6dae9dc6ee8a4e28dabb1acb019ae9bd4c7dd928,1352
0x6e9741b8065497175017ec064c1bb4bd2a443836,1819
0x6ea24f3cdddf5b88f90b73a2d7df7ad9c0f9bec4,2197
0x6ec8b8cec5645066fda40c6c6d6c3b749a565755,15197
0x6ecba5a1249106fdb3c26416c69ebe1f2f2a269c,10211
0x703d248b78520e1d97668d76e15fc11288007b7e,1500
0x7050dc22b005feaeadace5ecb23f80fb6e7ae0c2,2932
0x708c7828a525379799911267f4ca212047adeb71,3720
0x7093773263bef4d7ed327f9d2104177bdbfcf7b8,943
0x70ef4e26257d0ee1158621411351282c6389770a,30294
0x711374b1734afff89d9391e9e8761a15ed46d655,1504
0x717387664d840e39dc1d9c1aed9f26445cda8623,8770
0x71cf7c81f3a3b1bfbf0f3a22340b7ac0b3399bd4,3704
0x72a255d6e7470a69550d86d5a092904e40aeb20e,4114
0x72d22949cf0b6c25f51f82de758f7fa43ab2f5c5,10040
0x72dd3de4b3ee9acd0e501d5c2b78d8f7e0e698c7,1171
0x7302c7e150ae4d035cf9e71f09580d59ce61fa54,3458
0x732052b8d446acdb4e43282ec39c1a385c811b02,1117
0x73342f619780312b3f6d85af48c64aaf8c32315d,12517
0x736a4478d84aca7bb59558ee77aa05262059de09,2562
0x73f61e66345b8f78951508e8f1cd0ab51e1d9b6b,3723
0x740f11f4f6e13d955e1ef1e6590a05076a1410fc,1805
0x74111a56c2fa6515ab7926dbdd8c7d318aa0312c,5019
0x742cfe2a1fb49ae444c91b696c771a7b2f65e9f4,6275
0x742eca607966bb369dbcb2737b4b3b1ec07476e2,1578
0x745f23ee90c542fe9252f910115a2ab689fe85f6,1363
0x7470b9ec40f792cb5ec6455a453f51a0bc852d8e,2638
0x74de40808d4eb76c480c882a3f8e4fc0a4701d01,78643
0x7515d928c8d693f341b35164cb642c43c8a65a8c,8075
0x75c1e14cd2d114686bd5b765fcfe376176e41f1f,2808
0x75f22a2795a6011ba62a1a4a612cdfee49843157,3651
0x76436d97c2ff7ce62f4a2557b670f94b14bbfba8,3058
0x76be491293ecd94651d90b02d2ffa66c96be273e,2003
0x77a80028a50a7504604646ee51586a721f52f07c,2073
0x77c149bb81f934d6b0d2cfe0378a6e15957fc4a3,919
0x7810bcd39b2f4ffe2667050c37e565ecad005fae,1913
0x7819bffd6a93a941f9c9c68bb6eda17766fbe609,1790
0x7961cea5f1066f1f87ef71b080f3caa929db848b,6880
0x79b1a32ec97537486e75d99850bd56ecfa09d643,16628
0x79cbecca332a422f7914d8dce23f5f859b782897,7836
0x79cdc3b4d985c1a8311e1b1b73e909cc18cb7ad9,1165
0x79e684a001fdd917fe61bf0643d5800956c91a83,3171
0x7a2ca1232086539bb82472146f6200da5110e5c4,1113
0x7a3f36c226b9813975bc7de4a3492f6cc2a128ea,4809
0x7b0b35b416631f05f321fe74990817dca81cabde,100000
0x7b22add10623cbd8561154b1298e534aec57d161,3421
0x7b2d5d885ce9d81ced64089d60ddfe7aa980e2a2,100000
0x7b6f8f809e87b39b506e9fa50e0e09ba3671415a,2550
0x7b955b7ab53a7a2e8a78d898dda64bae85f68818,6845
0x7bbfc4be5be23a8a8e0c0064959cc1deb2b1bfac,1008
0x7bcdf76694d630f32cc156520d94ea8398f94571,3066
0x7bf9a2c396584097e703ef599343ee961bdf9851,1901
0x7cd7119b018843d45af07d7e2b36925093152865,949
0x7d600fee9e4162c74a59c7ca3973342d8aa491c7,5964
0x7dab6cf7468207c711af92932a0d535b6bc7bd42,1390
0x7ddffb20bac5f1222733ca99634618695c33cfc8,1422
0x7f66b58e07e965838f9927162468b1bfe10108eb,988
0x7f9cd00e1a01f237bdd4ab610df1028e27259e59,28970
0x809ca650dbed5ec7ea6f0e3cae5e6ff6d9f195f3,3017
0x80d03a3e88fdbdf648c46dbe57eabc87ed0664a3,1170
0x8134ee988ef47c193cdeadac7d870024e72e405e,23111
0x81cec7a198d6cf03b9838511a33247fb7d4a68c7,9139
0x81d12db7027bf82cff2e11d4d0484a47ca066654,5963
0x81f51be7454edb64e4b813bb2612e9cc1fadef40,1976
0x828db6ed7e670558bf447ca77f36220b34c657a8,1785
0x82f574fdbcf021b3b3e205d8e7302d5df9a33ed9,3522
0x83c9f34cf833517a749cc7c4b7f979791f65e640,1904
0x84400c5e12bcbf953fb01f61695733ccc5f260bc,2205
0x8456fd2d8d4a5cbd9ee3cf8e10802cbb75df7a03,17269
0x84f08aa27b589402d37a6ee2658c325163e41286,2235
0x857e5490651d395a37ee04a78dd25696e886dc02,2020
0x85d2b2eb86683e1d9a028e68efd2cb5532a2231b,3397
0x8634fd7b88ebd0b8addb7bf215c0f3f91a6684c2,1097
0x864a1e18d054be6f8ff101389e6ed8f178bd7128,1604
0x8652e01c01e4ebc2beb651d18a81bde2316bbcb8,1386
0x86e5f5a3535c0dec9a0753ac7b33d186cdfc955e,7478
0x86e6034c0eb6ec8d323c709c345b36219f3d3261,7360
0x874741bd1e67c68a69f023e8284ae89462f4bd04,1856
0x8762826ce15c4d8acdc0807392bf973f0441bba9,1163
0x878978cbf5d5cbed7ff2ed5bdd75252cc189d113,2092
0x881805c0a02889233a690805e85cb8984165d0dc,1405
0x883d5a4a8ea4e8f0d9a970fab8bee84f50ada9a2,1424
0x883fa21ae8f283881ddf5c34719ff255d522138b,3431
0x8844dc1534930228f273d200cff4c47dcf4933bc,1667
0x8846c73a19c2093b104790057f8b97cd2df5a3f4,1029
0x886a95410f3f68adbf4f72102245dc08cf80862a,1903
0x888ac935689c5f33b461c3d496cb20a0c0b6cc22,1380
0x88dbfc20d2f2bc004d4dde1947deda4cd478dd0d,34767
0x89206fd5a4f8147558c583aa5fde106dae29c2fe,56563
0x892106dd258540d7eb82d0b634e421e4d0ea1e19,5226
0x89759d403ca5096016ad97d6553b5ecb4be73893,1814
0x89a663c63d231f2b3987c282fd0928d9c5967510,3044
0x89d74550fed73d7e3426ff2e9fca7fb389113475,4784
0x8a00e8358ae8ebfe1cec2f7dcaa1b4eef774b10b,11131
0x8a3dd1a0b6db38978d19c8b67890343e9e993888,1632
0x8a3ed35ad9e1953a6bbf5dace8977c2edd3a2539,27819
0x8a4c23f686313ea8edabd95c77dbf60c65c52e99,3478
0x8a8140672f0e52d8a9e8f7228a20cd616a6a5b32,32107
0x8a90e9decb493fd5521c4a8adb6dc385d14ca8ff,30308
0x8abc1ff71425ad670f7f44b8d27c5f9b835dc120,4383
0x8af8e331e94109cea3f5be9881288d472b4e1df1,3154
0x8aff07437d85ba2cb972b05c984c534c6279fa3e,1619
0x8b309a276f7c974ab80e5fda8f34577416d2cd09,2608
0x8b65ff74d2f1d9b31d647c7719895e50deeeda69,9742
0x8b7cb46c7045b3ce163671aabbbe9f2c2d0a881c,3087
0x8b850fd1b6d14e217f972547aacda1d4a49bbcb1,1452
0x8bea0dfbceb93b0bc774157a6cc6272349ea1ee4,2536
0x8bf3c28ea512f5e9cce147bb98d18cb4e10bbc22,1902
0x8c2e843664be468522769b0d1b3b604a17962249,16316
0x8c94a5d9648e17a0e30cc7f7f2e8f5cd8ef40bca,1107
0x8ca4a75ed7fb6fb6fd0b61bd77a7df4e97e25ef7,1185
0x8ccf9743133e030eca96a17d56a898c8f1196da7,922
0x8e113356635ec95b0beab301b40f75a2b57f2ca5,1064
0x8e75e76556c2233cded16f27000c1fafb20aa3a3,2180
0x8ee7f67b307365ccc216311d61e6faad0265090f,2890
0x8f6c94056f2ce538fc150156c328697a7c4aabb1,1663
0x902fc38af709401a7cf604b333bbcde86499528f,33100
0x908dc8d62546d16008c5672498ed389aea272118,14519
0x90b0dec1f1bba847015904c115b8a99bf22925c5,3034
0x90ff89c637fd1537e151b8ced1d1d0cb94e31ca6,9919
0x91d87e8ba48a0e40f7913305792541191f92404e,1430
0x91f7c7dc5a44276482c102178fe1d620b397c276,2816
0x920fba25c6e266930ca3fbaf958c0d5145cb6a50,7524
0x9308cf07c7110176179e9a0fbb92c09c032963c8,9835
0x9329ef4a12cb3ed74c35fd558b6762a90b5542b2,1876
0x933a0ee5eb7389578f10d17d2fb5fd53fac679a8,1011
0x9380af001020753086ec95588745a6402cb28204,78643
0x9384df9cfdef8773e1aab32fdcc8e9bb7ed0ea2f,7321
0x939bac3bad78752763be4dd1da19e8e70995a408,1812
0x93ba368cfa7c4f672ca68292f695132ed30c4f1a,3810
0x93fe403ae320964ff5fc187edbeddb62fb15ded4,6336
0x9424df02952d7c9b7c90c6fd89ff0c8515aeaab9,2627
0x95386de0915b480fe46e020c7b7f6b1782af0f65,2195
0x95b7d17ae6dcee46e069af32096ad2bda4254d3e,1015
0x9629e0aa33cc8ea9efda5e3decb830a8e810703e,100000
0x965c60aafaab1f409fd373b60cd236dfd7f1a6cb,1669
0x96ca0755de514bfd9de889e016581e2f857c1534,2049
0x97131f05ea7d603e36b00e411753ba73c940eab9,42174
0x974818818dad62539b52f6f3cb680699027b1ff6,975
0x97d4e9ffe933815c95776810bd4d32c470abc2ae,934
0x981fc4a7e0ebc4bda2078d4d80d9c96828ee2092,1083
0x98263d0884b58ac1550555307a1a5fe4b8a72562,983
0x9855a744a3ffb2c629697356fb2f1e8776448043,1033
0x986d700c6d77076116bfca4b38bdd7c4e67d3458,1512
0x9873f58b134d35c0c5df43a6e779bc87d37f0ebc,3525
0x9884a96e8734e29aab9dd410eeddffcc39ea6b9e,12871
0x9891be2e4e8ffa295d9cbd146c6973e8e7b6cc58,13406
0x989c6ed41033e971da77de31df712fbe648ebc9b,964
0x99d6d24012361620bfa1a3f16d4e745066fc7c69,1614
0x99e9fae2844d22f16a7d564b6b50c0b407840bdf,7822
0x9a7cce841b742e7db9a97cc259eb0905b78d32ec,1746
0x9a99274db733b158fcd77774341b84a5ef03b8eb,2787
0x9aab6d7ecbf7fa51d5ef5a9a27b7722cf9ba7bd2,1751
0x9c6a6e890df926e769c9e9ef6fefc09f12759429,956
0x9c72c98535224c3c045a3d27ff981ed5a1d64d6e,3798
0x9c7efd9d6a1e2f8d952fdf874883cfb1c53683a9,19761
0x9cd29bc7e018bbe419daf876dcae10f22ec72c82,2318
0x9d2c792e16d8fb242b05f9fb5e585e985c3cd406,1394
0x9d4fdf10d33e2df05ee6e9c34e7f67b8942a2d83,1166
0x9d8a689998bb8702054cae32ecbffe7a954bdf04,1601
0x9dca59f506e2b7a5ba15f53fdd524bc3405502ad,1223
0x9e369bb49e211ffcdf7551f869d1511054d2fea6,2485
0x9e4977972cb8a95fdf2cf9bda269ebdb2dcaea35,10216
0x9f3dac6cd3e0700495887c5677eea370c363e4ff,15842
0x9f6ae1304805c3f29a8debe16c999b8992fc7ed2,1098
0xa03452aa81db3ffeda7981e96e6c288df3df886f,6524
0xa0b0e61e3eafee16b8fa30d97bc49f4151070b43,3748
0xa0c35b4ccf7c53ba44b3784fdb7e2c5528cf306f,3951
0xa0d211c6797474f851f70f355c582752ad7e1527,1076
0xa1a52925369c3870aacf26decf7a8727e5a47fb7,9376
0xa1cad48e9844d850f066376e1f1e04147b16619e,4001
0xa1f156e42c2135977c24e1a223895fbcf94a05ad,3000
0xa20c3154078709472cb8375a5331a439b97407da,3018
0xa2ab5e348eb68781c7a76d20c41ab0d2f079c3eb,3057
0xa31fa3a404e79b24f865d1281b546bc3028b404b,1767
0xa3d6b42d86ecf6f2fe9acb1ec9cf77ea0bb63085,1804
0xa44804c4d3d6d9fa37102fd0aae39d23de7a3839,52816
0xa5600db20b66b3638840cafd07f3c03ba0e83237,3401
0xa5ce8f5bd9cedcbd774af1b646813361efefc65a,982
0xa617acfb65dea26b8247c879db626166e7f030af,1891
0xa662da4071c358206937c8442d0587dca92cb06d,1025
0xa6873b9d92c8d62b65b19f719dd78d268bc79289,1119
0xa6a8ac5756a4c0628a4a6f1e7cd6bd11bfc62064,1620
0xa71af58583b099f588cc4efbba2b7880f81b3a5d,1551
0xa81676489a3acefc0ca8d6288987b0f1fc86173d,998
0xa89f778740c6562daac0fa1e09f48e0283a39611,3284
0xa8fa325872a3929fa7a3bbb6bc7ccfcbaadf2cfb,2844
0xaa51734bb35ca823ae5c8606726c62953c8933a2,1621
0xaa6c7b556449e1d5a75b6322a256180edd1c8edc,12959
0xaafdd768fa83ef7af0e19707f2be9d1db1924766,23886
0xab6f255dac71103ea6d57b320eaf0eec901b05aa,30431
0xabe0b2442315dec635c81c4abaf9cde42853874c,1636
0xac0ba58b3da3f5f47a75ce80d1e0945d404add10,16117
0xac0e12e0188b09b0634f323ef038d3ddb81c3bda,78643
0xac1b80e06f970879bfb8f2b92b59442593f332b6,2458
0xac44216c91522e855b0051ec6d58354254658e95,3206
0xacd7f2c7221c35ff0ab461d96485180c645bf696,1659
0xace9d813e684b6d81beda957fe43a481ed5c3273,1096
0xad0d88f31991afbada2547ed57ece45b4451ff70,1718
0xad1e1d0a8d76b784f7d8d5420f797df8f6d61b9b,2203
0xad7395dd5cb9c321bccc9a2266a587d995771340,1198
0xae02f6c3b8e944b0ba03e4129c5e8be92500db33,1238
0xae6c625be6308dbf2cf870b290f9cf497e1068cc,41724
0xae9393288285043daed4b89853d0a299d082b02a,1784
0xaecac3b7f1577bf4aab6241594bfc36a119ef6c5,1256
0xaef4e645dfa798d4d4464403d132ee75e2aff085,2552
0xaf1c058cc0edfd1e87774e53c14941d8d7a7d9d7,7914
0xaf43d3c6a1362ca33fbba27d16959deb454f72ae,3209
0xaf6e292b39a429927c7ee68f7b9bfc04ede69f79,18970
0xaff1e3c15e0d278e00ebcc710e61aa59cb0f656e,23544
0xb0299238fd27e9a365c0f37e9fbe31ffc07eb57b,2449
0xb03fd6e2616bb257a57f2eaee598448b2db34f67,1771
0xb07ba989e2301485ff6a67d3e75f48aaeb512e35,1384
0xb08e71a3c5472d30a571dc0f04691d13611f7ae0,1858
0xb0f7551a4a2ac324668ba0ef9944fef543d1c140,100000
0xb10be5cbbf9655ed3648184ade56d3b4d6cedd4f,6083
0xb17bd1f48b1ca277afd63ddfff60d17346a554b3,2649
0xb1c8a85f636a11c795cdd3589f9bb9f6c19dbc9b,2180
0xb1e90f7f65737776589f8486260dca0d0c299044,968
0xb1f0b017a8a1cf913056bd813c3e1958045feca4,19090
0xb28f10b222ffcb21a2cc8a969691d7e71d26ab74,1473
0xb3384ebd56b9e7265d8ab94f17563f2cc71154b3,3060
0xb3b54dfbbe03fb44ce61331237195639cc309d5f,1193
0xb3e30dea4952551d57cbbd64ab850965179ad2d5,1880
0xb5837c5d23160510f0f2e9a8fe08ff3f5c8cb036,13146
0xb5c1262867dd4dc8cfd95b9fc8239e6159a8adfb,2497
0xb5d5cd6870d3e0211f8072a29648a738681195c2,1197
0xb75d94b05156938df46ab456e33ce4c9cdf93d73,2388
0xb7656dd77e7a2ce907622448ec463a226dc1dd06,9689
0xb7919ad276b1e77e29b8ae75837517a1522f8d0a,2770
0xb798e1944d57dac59da1ddd833506f49967dd6f3,4481
0xb7a6ccdb2fe0f623d2b4753554be4c0f56e6a2b6,927
0xb7ce368a08d06b54352c2bef09dea0cdc066b2a1,7380
0xb8111bc8fe89257b2034614fe882d70695b9c4f3,3072
0xb85c172ad1272fedfc43d5ade2c8d6a3fb0f5881,1583
0xb861deb7794e0e635a244ba6ec20f29f7b691140,1005
0xb87330f27e04008275dfb36ed1a6db98b97a1e2b,5275
0xb8a9c37240e8b72f42a88f1099e6c61dc3e96756,19297
0xb941544b987551e0f2cba133e66eec749d7c38e1,1761
0xb972ed01f1a9a16d87c2a831b549281c6959f5b0,2185
0xba07e5cb42ca05d2fc3d96514461d7245050eb7b,4806
0xba42004213a9f0c439c1fe04c4795aa5406d252f,27231
0xba56758e6549ed5dc9d8164058c112d82421c6a1,3195
0xba570f26c1f3d94cfe82e667baac5cb067824c35,1331
0xbab53538aaf4f8709f2b42b3248215c219a68fad,1168
0xbab5ad59ab28e2e5114c67c454cefcdff49eb52a,7730
0xbb7bb43af885549f1bbf5724213ee48b40ebee83,1756
0xbbb2d07823a2e97e84969382233461ac82d1079d,48848
0xbbe82615988f669d2b6bae63e24f4d44397894d5,1731
0xbbfe0cb207122585289ca652fe91369a58a2e8ad,1972
0xbc44b397e25780ecffac98fe217138c36baa6c8f,2546
0xbc46e17c3acbf1a46bedb46b7068248ae9489fc8,15117
0xbc503a2d21f1cc856f2c0a7baea240ecf12a34b7,1548
0xbcb8295d192b1ee9b61b0c89cff33f8d840966d4,2713
0xbcc7e64d6b522ef804450000f5bb8d944c7ddd01,1549
0xbd1eda3543b30e2282b953238d9dbae769897c05,4571
0xbda593b90e5104e15d56eb54685faf305cd2d791,2280
0xbf1062151c314d84d1ede9895b9b34d5880a7c9a,1004
0xbf5310fae4d7a0c6df0452bcda09aefa2748ad59,47437
0xbff595f6232bdd1a5076933de57f2885eca5eb94,3195
0xc0b3a5342f3151d6edffde94ab8bb11221ae7e63,1534
0xc0c2429b8008b35ded73b53aca235c1d5591c412,8992
0xc0f90e81e6c89d7581c55dade471fff8fd3cff60,100000
0xc14ac325fdd9057034d0f77bec7154ccd0c0f809,1140
0xc17b32ec5b1e02231a41abdb38d476f20fa00d41,5245
0xc237005ae4bf97510b778f7e4b23d7fb187dbbdb,2871
0xc239876bdf21a9746b2da99622e323c53dd24740,1346
0xc273b52c69fa35d3b26e7deccd932f6ad673d66d,3278
0xc28834ab3f56fd9eac8c8b796d1d2162b53f5b0c,1506
0xc2dd122d5737a81a8476e2e9d86979031985ceff,1655
0xc330440814443d4774ba112819392c366f1bd978,52816
0xc33b77f426e079407f00267a6bfa55b938ab6630,1630
0xc33c77f59baa77a4f81cb6dd7ce98baf270b0ce9,1377
0xc37074546f8080c41a797970a308a9a0b1a31241,2195
0xc433aad58c7af965a5ce7a3647286e46d333812b,3143
0xc4366188625f64ca78d3aff18eb01de088755fe2,3054
0xc4b64079604f8cf410115606b4c19cb2f48a3a09,2646
0xc5ba2b86292a73830cfe7619f24f4fcab66e398b,1609
0xc63690afba73ebc8c7b93e0fa5dcf5799f0142b9,4891
0xc639aa72af23ae5ac40287e1ec5fd5c98c61d5a9,2888
0xc65ca30522873e9ddca4158f79dc9ecd1b823932,1687
0xc6dc5409a9d87ce19c563bf6ec005ac2bfc33b89,9003
0xc88d8446603154a6e5fde5a9f850b0c7cbab048a,2115
0xc8a4986a0142785d8e3ff93cead3c059bd001e4e,1528
0xc90963a2e7e46b53cdc42bbd9ca049845b308958,19040
0xc93edb5cb8a8150a98f6dc8f4261e138e1cd27b8,3119
0xc942a745f881b58891a853d8a41172b30b726967,3956
0xca41804a9386b8d64896b5fa9570fd76d3eba664,963
0xca44f3bfcc2dfa80e537a028fdd7b9af66892fa7,1720
0xcb1cbf25761d1b35e48c3b6b0dea3077f6606d22,3368
0xcb5d0772c24fc6b72a8b70bbdea9518f0fc8498b,2330
0xcb8cb47718b30f487b0c83f49adc048c59c23411,3311
0xcbcc36af59675e7b291dcbcf7c5adc7b9894969d,3821
0xcc447c446b78712b609474f429afddbdec197e36,986
0xcc4cec30e480a83f6d1cea7049f1dd1aba1cc1e8,1725
0xcc5c1b01cd01eb5b80d05d1701de671753e936c4,3095
0xcc8b4cb035812186ca94af3def98aca690be8a16,5692
0xccfb31e04987522a504ba09de645aad461cbbeb4,3066
0xcd4561e382bcca1cfae3c291955f51e034047638,1427
0xcd5c1bb777c937d993bc5e16e48b1669becc77aa,12733
0xcd75942b66c1a82d7e04f65a34ce7f93791fa8a8,17199
0xcd87e43563e1a62563eb670e4d0c6ea50a28900e,1281
0xcf3d9700b31b05803c111e1be7615a63f2ca404e,1303
0xcf527c7c2439e4f7c12f3217174ce7e41b2c40d8,1949
0xcf742db7655b29442bc25878a5521ab8d7ea1edc,2546
0xcf8e24538e6e8c6d7ca711f84539aeac0892e28b,3611
0xcf8f67dceb247d5583fffb429e679366a3eb178a,1451
0xcf92874ebcd0fed49dff08fce37b8c60aa528888,8727
0xcfb3f38a19e1a37eb3b76cfa01ec78149fa7f950,1300
0xd0b94f195912ef7cf4884c3384afd24aaae70b69,4485
0xd0d22dfb00b2d3866f98464a14b0676449bcceae,2046
0xd0e5122084f90d49cd8ffea056e431f94cb174c3,43467
0xd0e80683d9799516363401c18764340d5ef74edd,2678
0xd188f473d1c18b22e407147cb22aca18bd7e08e5,7155
0xd1a7d64061c5b75efce8a2f3a37d68fc02e4e7cd,1602
0xd1d645a20f8a6cde202aed2b19e29da160524548,1831
0xd21de902fe7ac1acc54dcc1f1bc7dbbf6fe13f0d,1027
0xd256a9bf3855eee2bc84a55ccf6adda0b4b05e94,1435
0xd2adee3cce690a7af928210342b86a965548f526,8721
0xd2aebd7d152bb2d86e6cf1e61d4e5a2139b85eb0,1844
0xd2e1b76f81b71304daceec93f7d55d0a2abe2307,3449
0xd415bbcb22fd80c7ef1e658be023dc698b20f2e3,1767
0xd4212fc3b9eb8815b7489d40df3478c5032627b6,3188
0xd436e21b7dd6cca86c73099ba01554104815771e,2438
0xd4ebe5ddc8c657bcd6a544e7ecb4946a36660791,1571
0xd4ee43de3629d5c49f6b8fd83e6017b17b7963d7,923
0xd51b738ab674ff8b475c8e7c6cdda1cf9dcda5c2,4953
0xd5bc20ec811c35225c56cd9a6934b6fcba40b09d,2543
0xd62c6b0fad27d6ecdd9c2d614f20dd0e4f730e7c,2731
0xd7169d72187c58461085883727dbb2bdcea71295,2312
0xd7508b920d618f3a35c08f808da9fe868a97eb9d,946
0xd7768689a895202d7c53bdf4ea8be07d943debd3,5566
0xd7bd278803151ca24bce8873d9c84c7f79beb215,2978
0xd7fab93b2773b98a90d5406a58108c6c8d4c27ff,1172
0xd829e171dd8e86279d89dc9a7f5ad7ffbad5a86a,4171
0xd8b95a0a595a9c01f1e152c07fbdba6de643472f,945
0xd8f59ca5722127bcf79a7f39850189fa202a846d,2026
0xd942010f8808996a682502df5d5b2af7fcbc7318,2360
0xd95b5ed5e5c22fe3402bc01e45f9eab5b140cfe9,3165
0xd99208a6b2c353b88db78f04642b47f9fa993337,100000
0xda5b7f6d7c32dbc04e3ea7e0e9b1eed6342275b1,31034
0xda94c818a091b777f67962f683071417f1fa4951,6396
0xdb54739c4832d8e2b68b845098336cb3b25c6d99,17317
0xdc4a04c3a9e4f3d6674e3ea292d946a8185abed9,7478
0xdc6c09a9840bc243f1b1a9131dd107f429364552,3119
0xdd7b22e63f56da317731526cd0db48d1fbf45b39,8273
0xdda32e049c6555ba701246618f65866a679ad168,9797
0xddeff0c54214528e12298e6207cc260914c294d9,2765
0xde208627b38b9795284efcc14d8b8c313462876a,9376
0xde220bcb9cec8dcc7e9d998f116ffa62a26dbf2f,1475
0xde88d146f61463d582262a1dcdf6ea1323aba34a,1679
0xdef96bab2a6c0ee9f6c6848173ceba00be552ff0,3212
0xdf23d6fd44249716a515bdddc81b82c18b915345,1095
0xdf627f524a24212acb573e8b1ae5f47e6ab83f69,6747
0xdfbc69683095fea6910cb570e8457071f876349c,20891
0xe02471987c7c73183bf6e5f30f57f8b3a707102c,1272
0xe06cdcae2113a6a14ca994fff730a6de1b7edca9,2989
0xe0e8a41c068dc7596a41e99f41eb4d2886cd0147,4313
0xe14e3b17492f03292db58fc00e6af93e11eb6f0f,7510
0xe1b1afe9cba5ad5b960584e3de7d20cbda4c184e,10736
0xe2e8fee9ac2af4352a0e424650b77da25c36bf80,62513
0xe3e202b2cac2b3ec41219c69fe0d2352b19cef69,52816
0xe4036aca909cd049f9a7b7333961e1c1db7fb35c,18052
0xe40c9db4b30c32dfb29f48379c21fc459337ea95,6768
0xe430c6aa548502d5397fa08006b81a31ed71c4c8,1079
0xe44af0be65ba52302d1477315accd085bdd04691,1283
0xe4d53f7d24ad19a03073b4d75ead4d2cb18201c1,1199
0xe4fabf869fdcdc457c87ebae40ab78be7d345d4b,26621
0xe5214a481f2c2bbd501c14dfa66254a8a907cf39,1004
0xe5bbe195e1aa70de23bb3b6b5c5fec231d7af8e6,3239
0xe5c6ac7a04e75d8556960d3a0831f251db498be5,5413
0xe5e65adaef64626d2aacccd68631f7754ce4b15a,2029
0xe5ea80f60de1b7a19cf57a67feeae3e05b2e32b1,1569
0xe606a84769f24508a84ff53f0dde1aaaefaeee27,1417
0xe627bbae7c2c5bf24c8acd7b634c450b5819ad0a,2341
0xe6318ac14dc1235e01af21d354088118e15783ba,1258
0xe6bd578dc88b5b867f2b8e0bd91f9cc120f8a07f,1828
0xe8269f98d5eb41729d3ffa056d1d58790b3db4b8,965
0xe838d619fbf1f00c72149998b9e6cb9ca09c48e0,2848
0xe8b3b60436fa7c1441f8f8aa160a496c4a7adeb1,1227
0xe8d634e16bb68f3f9015cbe7e0572654232d51d7,3059
0xe9aa9e67d2d640a738d3d6aec8d3f73c3a55a338,27365
0xe9cb9f9c1749b8c7e80350f58f3fc8efaca9816a,1026
0xe9f75e0264ee16630d0b02cc847b9d1df95be4f5,1085
0xea9fa1c3c5fb1ce48b86f9903dede2ffa3519155,2544
0xeaf6f1b83952c8a4e79bcd30860665479614d7eb,1302
0xec38aed9505965d73b7d09e4a0535659b0ba29e0,11095
0xec561dd73346f761d1c09f46999bc8ea1b1e95a2,32759
0xee78dd4860178d8cad2850b28a910798aa4668a7,1563
0xeef72e6fed72ce7a578ed9c02ba679317a893d76,986
0xef191501fc0840e18bacc4040cbbc7a30d4f73c0,3082
0xef3e33334851212b4ebe16601e5adbe5afa0103a,5249
0xeff19f1fb4659780f0970db382f859cb50f41b78,2426
0xeff85ba4e5a9ecb4be278b62d2cef21bdd05e579,941
0xf07e860a4f03f2df6a62b899f3ec7b5a45b678ad,100000
0xf0ac7710a40fe5eea3c11e3ee2490990e7eeb222,930
0xf0ff04b17c587735c7cb52e32bc101f6e973fab1,4758
0xf19aeb0f2d0f53e6e2f015a7c531f6c271858ba4,29308
0xf1d82cf1e2e23f7bed3af2b3e717d35ffb4cdc38,46951
0xf201b83ab58b2e72cdcf8ffffd05fdc43032abee,1514
0xf20bb1ea28a496db525efbad28a23003c9d73724,1729
0xf24fa21bb9112f43b4dbcc4adc6e91d8120dc00e,42688
0xf28f54db7fcf5f469d6b42affde01df05ebcde0c,2184
0xf2acba03f1e8c881eb05d7ab8d758a9d6e99b160,3038
0xf2ffed02b495a20c4212288a655fda082268dafc,1415
0xf351a0614045d23917cb0ed5d2dda9d7589eabea,1781
0xf41c36fa982d8efd5742bd0b29821720f790e2e6,4945
0xf53aa412f755b3793177f7b350a319ebdf9c672b,1009
0xf53e4ac1292d1ec4706cb9f342b04a5402f7c329,8721
0xf540a4b5cea8759fe88d978e7cc497229734a7b1,3156
0xf5b8537c526df134639cb3c11f2b4a0ca07827bb,1631
0xf61a235608a76318c862e4c82eb7693fc4ef98c3,1400
0xf6b2f8140642b8dd7ae1d4b9b7a8fb0d9c22a78e,3343
0xf6b78d5ca0ec913ce30b84ba455a7858c4d0bec5,7066
0xf6de338f57c649f80dd905f513e343fd9a075350,6296
0xf6f8e1d74a62b6db75511b5ed2a5faa15865e639,1324
0xf6ff625cf5683a3c49ed6c0a8c3bd49ed447d0d9,1379
0xf747af214c702b542e0c18d89ba26930282885b2,2482
0xf8001fd242fe2825a4306f3f6686b6d097f55911,2979
0xf81d02a2797afd51c71225b07076f87b29bca025,2170
0xf83810ba1e6b582f7f7d16ec75fbfefe4d29d644,1306
0xf87c56ebe182ac6866c5168fb24e1beea1ffaa63,100000
0xf908f1a0f51a3e1bb1b0ecce98732a8cb3ecc32a,1549
0xf91915355da17ed588fc90ef645549e9acf8ca8c,2122
0xf925a536519bd48edd52dd74af4297629e8206b2,3248
0xf935861a8b8cc6867eeb463d97b501c69d177092,1634
0xf99fcabbd11f5465061bc233b9586a55e4379cf5,2571
0xfa3af31d385cca3dd4aa64da7ac27b782a7a1422,1613
0xfa9b0bc7598fb7049fad77260f1ca4730aa331c6,1096
0xfb53eb4acf6860609e3c7c79438c04ae68be9c3c,1845
0xfc2101a89696a4f6f94fb526ffc8a1d97714e81d,3781
0xfc6df5d4375f8e646c8cf58fff5136f80a517e50,2111
0xfc78d6a90c1f1ad535d83dd828c959ab3cf2dadf,37266
0xfccd02660f1dfb2ce9d0f12e113da9a7aae8c071,23141
0xfd87c20c06f49b193e742600e2589a1c6a6e6ac1,25574
0xfdb634527b50da38dddd673059a25667bab7cd62,20351
0xfe3142024baae2a07e257d67bf25492ef414f351,2319
0xfe525b73732afdf784e55174a12443f7270bf31d,2688
0xfe6f9de6cae3dfacba51fa88067477d65a02f777,1010
0xfec900a16567cf2f1f58dffc5a8848871804b277,3106
0xfef9d019ec0f6950bfb51cc98388147efb732bdd,4203
0xff36b9cb75c9178841d8b75baf9776bfa59fbe9d,12872
0xff62787dd3ea3576a01e68b504ebe42ad3208bea,1788
0xffb6d3c42b07c17ed0b6be1136d2ebc599b2562e,22777
0xffd6f9e0cae59e8ad4ecf629542276bc3ffdbf31,5405
0xffe1abeb39ccf82bd2394610ad28e316ed8271bc,1152
total,6906191
